year,author,title,path
,,Charu C. Aggarwal   Outlier Analysis,Literature/Books/Charu C. Aggarwal - Outlier Analysis.pdf
2022,Data Mining. Concepts and Techniques 4th Edition Morgan Kaufmann,Han Pei Tong,Literature/Books/Data-Mining.-Concepts-and-Techniques-4th-Edition-Morgan-Kaufmann-2022-Han-Pei-Tong.pdf
2013,Handbook of data quality,,Literature/Books/Handbook-of-data-quality-2013.pdf
,,Introduction to Data Mining Pang Ning Tan,Literature/Books/Introduction to Data Mining_Pang Ning Tan.pdf
,,Introduction to Algorithms,Literature/Books/Introduction-to-Algorithms.pdf
,,Introduction to Stats Learning,Literature/Books/Introduction-to-Stats-Learning.pdf
,,Data Quality Dimensions,Literature/Images/Data Quality Dimensions.pdf
,,SAD Benchmark,Literature/Images/SAD-Benchmark.pdf
,,20071010 Sensor Network Data Fault Types,Literature/Posters/20071010_Sensor_Network_Data_Fault_Types.pdf
2012,,ProcIPSNWarriach,Literature/Posters/2012_ProcIPSNWarriach.pdf
2022,,schmidl anomaly poster,Literature/Posters/2022_schmidl_anomaly_poster.pdf
,,6431 HBOS poster,Literature/Posters/6431_HBOS-poster.pdf
,,Pros and Cons of ODT,Literature/Posters/Pros and Cons of ODT.pdf
,,20160824 Gitzel DQ in TS CBI2016pdf,Literature/Slides/20160824_Gitzel_DQ_in_TS_CBI2016pdf.pdf
,,20190401 Youn Deep Learning for PHM,Literature/Slides/20190401_Youn_Deep Learning for PHM.pdf
,,20200101 Katser SKAB,Literature/Slides/20200101_Katser_SKAB.pdf
,,20200101 Komnios How to read papers,Literature/Slides/20200101_Komnios_How_to_read_papers.pdf
,,20211216 sem4 NickHarley Statistical Learning of Knowledge from Sequence Data,Literature/Slides/20211216_sem4_NickHarley_Statistical-Learning-of-Knowledge-from-Sequence-Data.pdf
,,20220101 Keogh Eamonn Problems with TSAD,Literature/Slides/20220101_Keogh_Eamonn_Problems_with_TSAD.pdf
,,20240115 Slides CEA insight OFS TW 1,Literature/Slides/20240115_Slides_CEA_insight_OFS_TW_1.pdf
,,20240606 Boniol Lecture TSAD DiiP,Literature/Slides/20240606_Boniol_Lecture_TSAD_DiiP.pdf
,,20241104 Boniol Lecture TSAD ML4Jets,Literature/Slides/20241104_Boniol_Lecture_TSAD_ML4Jets.pdf
,,20250529 Boniol Lecture TSAD,Literature/Slides/20250529_Boniol_Lecture_TSAD.pdf
,,20250529 Bonionl Evaluation measures,Literature/Slides/20250529_Bonionl_Evaluation_measures.pdf
,,20250707 Python CPU EN,Literature/Slides/20250707_Python_CPU_EN.pdf
,,DataQualityEvaluationusingProbabilityModels,Literature/Stage/reports/DataQualityEvaluationusingProbabilityModels.pdf
,,paper data quality,Literature/Stage/reports/paper_data_quality.pdf
,,All‑season monitoring of concrete repair in an urban tunnel in Brussels arnaud2021,Literature/Stage/waiting/All‑season monitoring of concrete repair in an urban tunnel in Brussels_arnaud2021.pdf
,,Expect the Unexpected,Literature/Stage/waiting/Expect the Unexpected.pdf
,,MNE software for processing MEG and EEG data,Literature/Stage/waiting/MNE software for processing MEG and EEG data.pdf
,,Sensor data reconstruction using bidirectional rnn,Literature/Stage/waiting/Sensor data reconstruction using bidirectional rnn.pdf
,,Unsupervised outlier detection for TS indoor air quality LSTM AE with Ensamble.pdf,Literature/Stage/waiting/Unsupervised outlier detection for TS indoor air quality LSTM AE with Ensamble.pdf.pdf
,,sensors 21 05834,Literature/Stage/waiting/boh/sensors-21-05834.pdf
,,sensors 23 05993,Literature/Stage/waiting/boh/sensors-23-05993.pdf
2020,96044 DELAINE,archivage,Literature/Thesis/96044_DELAINE_2020_archivage.pdf
,,Anomaly detection in networked embedded 20160912 Bosman,Literature/Thesis/Anomaly_detection_in_networked_embedded_20160912_Bosman.pdf
,,Graduation Thesis Selcuck,Literature/Thesis/Graduation_Thesis_Selcuck.pdf
,,20110205 Il filtro di Kalman un'introduzione,Literature/Tutorials/20110205 Il filtro di Kalman un'introduzione.pdf
2018,,knn notes,Literature/Tutorials/2018_knn_notes.pdf
,,202306 Education in IampM Tutorial Paper Autoregressive Integrated Moving Average Time Series Analysis for Measurement Professionals,Literature/Tutorials/202306_Education_in_IampM_Tutorial_Paper_Autoregressive_Integrated_Moving_Average_Time_Series_Analysis_for_Measurement_Professionals.pdf
,,k means tutorial,Literature/Tutorials/k-means-tutorial.pdf
1979,Hartigan Wong,Algorithm AS 136,Literature/Zpapers/1979/Hartigan_Wong_1979_Algorithm_AS_136.pdf
1981,Eickhoff Ulrich,Optical frequency domain reflectometry in single mode fiber,Literature/Zpapers/1981/Eickhoff_Ulrich_1981_Optical_frequency_domain_reflectometry_in_single-mode_fiber.pdf
1986,Ghafoori Shiraz Okoshi,Optical frequency domain reflectometery,Literature/Zpapers/1986/Ghafoori-Shiraz_Okoshi_1986_Optical_frequency-domain_reflectometery.pdf
1995,Cortes Vapnik,Support vector networks,Literature/Zpapers/1995/Cortes_Vapnik_1995_Support-vector_networks.pdf
1996,Breiman,Bagging predictors,Literature/Zpapers/1996/Breiman_1996_Bagging_predictors.pdf
1996,Ester et al,A density based algorithm for discovering clusters in large spatial databases,Literature/Zpapers/1996/Ester_et_al_1996_A_density-based_algorithm_for_discovering_clusters_in_large_spatial_databases.pdf
1996,Freund Schapire,Experiments with a New Boosting Algorithm,Literature/Zpapers/1996/Freund_Schapire_1996_Experiments_with_a_New_Boosting_Algorithm.pdf
1996,Wand Wang,Anchoring data quality dimensions in ontological foundations,Literature/Zpapers/1996/Wand_Wang_1996_Anchoring_data_quality_dimensions_in_ontological_foundations.pdf
1996,Wang Strong,Beyond Accuracy,Literature/Zpapers/1996/Wang_Strong_1996_Beyond_Accuracy.pdf
1997,Bradley,The use of the area under the ROC curve in the evaluation of machine learning,Literature/Zpapers/1997/Bradley_1997_The_use_of_the_area_under_the_ROC_curve_in_the_evaluation_of_machine_learning.pdf
1997,Erdogan,Fiber grating spectra,Literature/Zpapers/1997/Erdogan_1997_Fiber_grating_spectra.pdf
1997,Hill Meltz,Fiber Bragg grating technology fundamentals and overview,Literature/Zpapers/1997/Hill_Meltz_1997_Fiber_Bragg_grating_technology_fundamentals_and_overview.pdf
1997,Hochreiter Schmidhuber,Long Short Term Memory,Literature/Zpapers/1997/Hochreiter_Schmidhuber_1997_Long_Short-Term_Memory.pdf
1997,Kersey et al,Fiber grating sensors,Literature/Zpapers/1997/Kersey_et_al_1997_Fiber_grating_sensors.pdf
1997,Othonos,Fiber Bragg gratings,Literature/Zpapers/1997/Othonos_1997_Fiber_Bragg_gratings.pdf
1997,Rao,In fibre Bragg grating sensors,Literature/Zpapers/1997/Rao_1997_In-fibre_Bragg_grating_sensors.pdf
1997,Strong et al,Data quality in context,Literature/Zpapers/1997/Strong_et_al_1997_Data_quality_in_context.pdf
1998,Froggatt Moore,Distributed measurement of static strain in an optical fiber with multiple,Literature/Zpapers/1998/Froggatt_Moore_1998_Distributed_measurement_of_static_strain_in_an_optical_fiber_with_multiple.pdf
1998,Froggatt Moore,High spatial resolution distributed strain measurement in optical fiber with,Literature/Zpapers/1998/Froggatt_Moore_1998_High-spatial-resolution_distributed_strain_measurement_in_optical_fiber_with.pdf
1998,Knorr Ng,Algorithms for Mining Distance Based Outliers in Large Datasets,Literature/Zpapers/1998/Knorr_Ng_1998_Algorithms_for_Mining_Distance-Based_Outliers_in_Large_Datasets.pdf
1998,knorr and ng,algorithms for mining distance based outliers in large datasets,Literature/Zpapers/1998/knorr_and_ng_1998_algorithms_for_mining_distance-based_outliers_in_large_datasets.pdf
1999,Rousseeuw Driessen,A Fast Algorithm for the Minimum Covariance Determinant Estimator,Literature/Zpapers/1999/Rousseeuw_Driessen_1999_A_Fast_Algorithm_for_the_Minimum_Covariance_Determinant_Estimator.pdf
2000,Breunig et al,LOF,Literature/Zpapers/2000/Breunig_et_al_2000_LOF.pdf
2000,Naumann Rolker,Assessment Methods for Information Quality Criteria,Literature/Zpapers/2000/Naumann_Rolker_2000_Assessment_Methods_for_Information_Quality_Criteria.pdf
2000,ramaswamy et al.,efficient algorithms for mining outliers from large data sets,Literature/Zpapers/2000/ramaswamy_et_al._2000_efficient_algorithms_for_mining_outliers_from_large_data_sets.pdf
2002,Angiulli Pizzuti,Fast Outlier Detection in High Dimensional Spaces,Literature/Zpapers/2002/Angiulli_Pizzuti_2002_Fast_Outlier_Detection_in_High_Dimensional_Spaces.pdf
2002,Keogh et al,Finding surprising patterns in a time series database in linear time and space,Literature/Zpapers/2002/Keogh_et_al_2002_Finding_surprising_patterns_in_a_time_series_database_in_linear_time_and_space.pdf
2002,Mourad Bertrand Krajewski,A method for automatic validation of long time series of data in urban hydrology,Literature/Zpapers/2002/Mourad_Bertrand-Krajewski_2002_A_method_for_automatic_validation_of_long_time_series_of_data_in_urban_hydrology.pdf
2002,angiulli and pizzuti,fast outlier detection in high dimensional spaces,Literature/Zpapers/2002/angiulli_and_pizzuti_2002_fast_outlier_detection_in_high_dimensional_spaces.pdf
2003,he et al.,discovering cluster based local outliers,Literature/Zpapers/2003/he_et_al._2003_discovering_cluster-based_local_outliers.pdf
2003,shyu et al.,a novel anomaly detection scheme based on principal component classifi,Literature/Zpapers/2003/shyu_et_al._2003_a_novel_anomaly_detection_scheme_based_on_principal_component_classifi.pdf
2004,Breiman,Random Forests,Literature/Zpapers/2004/Breiman_2004_Random_Forests.pdf
2004,Hodge Austin,A Survey of Outlier Detection Methodologies,Literature/Zpapers/2004/Hodge_Austin_2004_A_Survey_of_Outlier_Detection_Methodologies.pdf
2005,Kaiser et al,Networked Infomechanical Systems (NIMS) for Ambient Intelligence,Literature/Zpapers/2005/Kaiser_et_al_2005_Networked_Infomechanical_Systems_(NIMS)_for_Ambient_Intelligence.pdf
2005,Soller et al,High resolution optical frequency domain reflectometry for characterization of,Literature/Zpapers/2005/Soller_et_al_2005_High_resolution_optical_frequency_domain_reflectometry_for_characterization_of.pdf
2005,lazarevic and kumar,feature bagging for outlier detection,Literature/Zpapers/2005/lazarevic_and_kumar_2005_feature_bagging_for_outlier_detection.pdf
2006,Batini Scannapieca,Data quality,Literature/Zpapers/2006/Batini_Scannapieca_2006_Data_quality.pdf
2006,Davis Goadrich,The relationship between Precision Recall and ROC curves,Literature/Zpapers/2006/Davis_Goadrich_2006_The_relationship_between_Precision-Recall_and_ROC_curves.pdf
2006,Jeffery et al,Declarative Support for Sensor Data Cleaning,Literature/Zpapers/2006/Jeffery_et_al_2006_Declarative_Support_for_Sensor_Data_Cleaning.pdf
2006,Jeffery et al,Declarative Support for Sensor Data Cleaning2,Literature/Zpapers/2006/Jeffery_et_al_2006_Declarative_Support_for_Sensor_Data_Cleaning2.pdf
2007,latecki et al.,outlier detection with kernel density functions,Literature/Zpapers/2007/latecki_et_al._2007_outlier_detection_with_kernel_density_functions.pdf
2008,Liu et al,Isolation Forest,Literature/Zpapers/2008/Liu_et_al_2008_Isolation_Forest.pdf
2008,Majumder et al,Fibre Bragg gratings in structural health monitoring—Present status and,Literature/Zpapers/2008/Majumder_et_al_2008_Fibre_Bragg_gratings_in_structural_health_monitoring—Present_status_and.pdf
2008,Wang et al,A Passive Wireless Temperature Sensor for Harsh Environment Applications,Literature/Zpapers/2008/Wang_et_al_2008_A_Passive_Wireless_Temperature_Sensor_for_Harsh_Environment_Applications.pdf
2008,kriegel et al.,angle based outlier detection in high dimensional data,Literature/Zpapers/2008/kriegel_et_al._2008_angle-based_outlier_detection_in_high-dimensional_data.pdf
2009,Bleiholder Naumann,Data fusion,Literature/Zpapers/2009/Bleiholder_Naumann_2009_Data_fusion.pdf
2009,Chandola et al,Anomaly detection,Literature/Zpapers/2009/Chandola_et_al_2009_Anomaly_detection.pdf
2009,Klein Lehner,Representing Data Quality in Sensor Data Streaming Environments,Literature/Zpapers/2009/Klein_Lehner_2009_Representing_Data_Quality_in_Sensor_Data_Streaming_Environments.pdf
2009,Ni et al,Sensor network data fault types,Literature/Zpapers/2009/Ni_et_al_2009_Sensor_network_data_fault_types.pdf
2009,Rasheed et al,Fourier Transform Based Spatial Outlier Mining,Literature/Zpapers/2009/Rasheed_et_al_2009_Fourier_Transform_Based_Spatial_Outlier_Mining.pdf
2009,chandola et al.,detecting anomalies in a time series database,Literature/Zpapers/2009/chandola_et_al._2009_detecting_anomalies_in_a_time_series_database.pdf
2009,ellis and smith,modeling and experimental testing of strain gauges in operational and,Literature/Zpapers/2009/ellis_and_smith_2009_modeling_and_experimental_testing_of_strain_gauges_in_operational_and.pdf
2009,kriegel et al.,outlier detection in axis parallel subspaces of high dimensional data,Literature/Zpapers/2009/kriegel_et_al._2009_outlier_detection_in_axis-parallel_subspaces_of_high_dimensional_data.pdf
2009,reynolds,gaussian mixture models.,Literature/Zpapers/2009/reynolds_2009_gaussian_mixture_models..pdf
2010,Nolan et al,FASTER,Literature/Zpapers/2010/Nolan_et_al_2010_FASTER.pdf
2010,flynn and todd,a bayesian approach to optimal sensor placement for structural health,Literature/Zpapers/2010/flynn_and_todd_2010_a_bayesian_approach_to_optimal_sensor_placement_for_structural_health.pdf
2010,flynn and todd,optimal placement of piezoelectric actuators and sensors for detecting,Literature/Zpapers/2010/flynn_and_todd_2010_optimal_placement_of_piezoelectric_actuators_and_sensors_for_detecting.pdf
2010,ingelrest et al.,sensorscope application specific sensor network for environmental mon,Literature/Zpapers/2010/ingelrest_et_al._2010_sensorscope_application-specific_sensor_network_for_environmental_mon.pdf
2010,liu et al.,on detecting clustered anomalies using sciforest,Literature/Zpapers/2010/liu_et_al._2010_on_detecting_clustered_anomalies_using_sciforest.pdf
2010,sharma et al.,sensor faults detection methods and prevalence in real world datasets,Literature/Zpapers/2010/sharma_et_al._2010_sensor_faults_detection_methods_and_prevalence_in_real-world_datasets.pdf
2010,zhang et al.,outlier detection techniques for wireless sensor networks a survey,Literature/Zpapers/2010/zhang_et_al._2010_outlier_detection_techniques_for_wireless_sensor_networks_a_survey.pdf
2011,Lopez Higuera et al,Fiber Optic Sensors in Structural Health Monitoring,Literature/Zpapers/2011/Lopez-Higuera_et_al_2011_Fiber_Optic_Sensors_in_Structural_Health_Monitoring.pdf
2011,Smith Martinez,Improving classification accuracy by identifying and removing instances that,Literature/Zpapers/2011/Smith_Martinez_2011_Improving_classification_accuracy_by_identifying_and_removing_instances_that.pdf
2011,behnel et al.,cython the best of both worlds,Literature/Zpapers/2011/behnel_et_al._2011_cython_the_best_of_both_worlds.pdf
2011,flynn et al.,maximum likelihood estimation of damage location in guided wave struct,Literature/Zpapers/2011/flynn_et_al._2011_maximum-likelihood_estimation_of_damage_location_in_guided-wave_struct.pdf
2011,rabatel et al.,anomaly detection in monitoring sensor data for preventive maintenance,Literature/Zpapers/2011/rabatel_et_al._2011_anomaly_detection_in_monitoring_sensor_data_for_preventive_maintenance.pdf
2012,Baljak et al,Classification of Faults in Sensor Readings with Statistical Pattern Recognition,Literature/Zpapers/2012/Baljak_et_al_2012_Classification_of_Faults_in_Sensor_Readings_with_Statistical_Pattern_Recognition.pdf
2012,Barbé et al,A Simple Nonparametric Preprocessing Technique to Correct for Nonstationary,Literature/Zpapers/2012/Barbé_et_al_2012_A_Simple_Nonparametric_Preprocessing_Technique_to_Correct_for_Nonstationary.pdf
2012,Goldstein Dengel,Histogram based Outlier Score (HBOS),Literature/Zpapers/2012/Goldstein_Dengel_2012_Histogram-based_Outlier_Score_(HBOS).pdf
2012,Holbert Lin,Nuclear Power Plant Instrumentation Fault Detection Using Fuzzy Logic,Literature/Zpapers/2012/Holbert_Lin_2012_Nuclear_Power_Plant_Instrumentation_Fault_Detection_Using_Fuzzy_Logic.pdf
2012,Hu et al,Application of novelty detection methods to health monitoring and typical fault,Literature/Zpapers/2012/Hu_et_al_2012_Application_of_novelty_detection_methods_to_health_monitoring_and_typical_fault.pdf
2012,Javed Wolf,Automated Sensor Verification Using Outlier Detection in the Internet of Things,Literature/Zpapers/2012/Javed_Wolf_2012_Automated_Sensor_Verification_Using_Outlier_Detection_in_the_Internet_of_Things.pdf
2012,Liu et al,Isolation Based Anomaly Detection,Literature/Zpapers/2012/Liu_et_al_2012_Isolation-Based_Anomaly_Detection.pdf
2012,Ni Pottie,Sensor network data fault detection with maximum a posteriori selection and,Literature/Zpapers/2012/Ni_Pottie_2012_Sensor_network_data_fault_detection_with_maximum_a_posteriori_selection_and.pdf
2012,baljak et al.,classification of faults in sensor readings with statistical pattern r,Literature/Zpapers/2012/baljak_et_al._2012_classification_of_faults_in_sensor_readings_with_statistical_pattern_r.pdf
2012,flynn et al.,enhanced detection through low order stochastic modeling for guided wa,Literature/Zpapers/2012/flynn_et_al._2012_enhanced_detection_through_low-order_stochastic_modeling_for_guided-wa.pdf
2013,Castanedo,A Review of Data Fusion Techniques,Literature/Zpapers/2013/Castanedo_2013_A_Review_of_Data_Fusion_Techniques.pdf
2013,Ding Fei,An Anomaly Detection Approach Based on Isolation Forest Algorithm for Streaming,Literature/Zpapers/2013/Ding_Fei_2013_An_Anomaly_Detection_Approach_Based_on_Isolation_Forest_Algorithm_for_Streaming.pdf
2013,Gramfort,MEG and EEG data analysis with MNE Python,Literature/Zpapers/2013/Gramfort_2013_MEG_and_EEG_data_analysis_with_MNE-Python.pdf
2013,Khaleghi et al,Multisensor data fusion,Literature/Zpapers/2013/Khaleghi_et_al_2013_Multisensor_data_fusion.pdf
2013,Kingma Welling,Auto Encoding Variational Bayes,Literature/Zpapers/2013/Kingma_Welling_2013_Auto-Encoding_Variational_Bayes.pdf
2013,Li et al,Compressed Sensing Signal and Data Acquisition in Wireless Sensor Networks and,Literature/Zpapers/2013/Li_et_al_2013_Compressed_Sensing_Signal_and_Data_Acquisition_in_Wireless_Sensor_Networks_and.pdf
2013,deng et al.,a time series forest for classification and feature extraction,Literature/Zpapers/2013/deng_et_al._2013_a_time_series_forest_for_classification_and_feature_extraction.pdf
2013,haynes et al.,statistically based damage detection in geometrically complex structur,Literature/Zpapers/2013/haynes_et_al._2013_statistically-based_damage_detection_in_geometrically-complex_structur.pdf
2014,Kingma Welling,Auto Encoding Variational Bayes,Literature/Zpapers/2014/Kingma_Welling_2014_Auto-Encoding_Variational_Bayes.pdf
2014,Lee et al,Identification method of non reflective faults based on index distribution of,Literature/Zpapers/2014/Lee_et_al_2014_Identification_method_of_non-reflective_faults_based_on_index_distribution_of.pdf
2014,Li Wen,A model based fault detection and diagnostic methodology based on PCA method,Literature/Zpapers/2014/Li_Wen_2014_A_model-based_fault_detection_and_diagnostic_methodology_based_on_PCA_method.pdf
2014,Yan et al,A survey on trust management for Internet of Things,Literature/Zpapers/2014/Yan_et_al_2014_A_survey_on_trust_management_for_Internet_of_Things.pdf
2014,Ye et al,Structural Health Monitoring of Civil Infrastructure Using Optical Fiber,Literature/Zpapers/2014/Ye_et_al_2014_Structural_Health_Monitoring_of_Civil_Infrastructure_Using_Optical_Fiber.pdf
2014,jarmer et al.,"multi wave mode, multi frequency detectors for guided wave interrogati","Literature/Zpapers/2014/jarmer_et_al._2014_multi-wave-mode,_multi-frequency_detectors_for_guided_wave_interrogati.pdf"
2015,Bach et al,On Pixel Wise Explanations for Non Linear Classifier Decisions by Layer Wise,Literature/Zpapers/2015/Bach_et_al_2015_On_Pixel-Wise_Explanations_for_Non-Linear_Classifier_Decisions_by_Layer-Wise.pdf
2015,Chen Li et al,An Embedded Passive Resonant Sensor Using Frequency Diversity Technology for,Literature/Zpapers/2015/Chen_Li_et_al_2015_An_Embedded_Passive_Resonant_Sensor_Using_Frequency_Diversity_Technology_for.pdf
2015,Di Sante,Fibre Optic Sensors for Structural Health Monitoring of Aircraft Composite,Literature/Zpapers/2015/Di_Sante_2015_Fibre_Optic_Sensors_for_Structural_Health_Monitoring_of_Aircraft_Composite.pdf
2015,Ren et al,A Novel Capacitive Temperature Sensor for Real Time Monitoring of Temperature,Literature/Zpapers/2015/Ren_et_al_2015_A_Novel_Capacitive_Temperature_Sensor_for_Real-Time_Monitoring_of_Temperature.pdf
2015,Yang et al,Data Fault Detection in Medical Sensor Networks,Literature/Zpapers/2015/Yang_et_al_2015_Data_Fault_Detection_in_Medical_Sensor_Networks.pdf
2015,bosman et al.,ensembles of incremental learners to detect anomalies in ad hoc sensor,Literature/Zpapers/2015/bosman_et_al._2015_ensembles_of_incremental_learners_to_detect_anomalies_in_ad_hoc_sensor.pdf
2016,Campos et al,On the evaluation of unsupervised outlier detection,Literature/Zpapers/2016/Campos_et_al_2016_On_the_evaluation_of_unsupervised_outlier_detection.pdf
2016,Chen Guestrin,XGBoost,Literature/Zpapers/2016/Chen_Guestrin_2016_XGBoost.pdf
2016,De Bruijn et al,Benchmark Datasets for Fault Detection and Classification in Sensor Data,Literature/Zpapers/2016/De_Bruijn_et_al_2016_Benchmark_Datasets_for_Fault_Detection_and_Classification_in_Sensor_Data.pdf
2016,Gitzel,Data Quality in Time Series Data,Literature/Zpapers/2016/Gitzel_2016_Data_Quality_in_Time_Series_Data.pdf
2016,Gitzel,Data Quality in Time Series Data2,Literature/Zpapers/2016/Gitzel_2016_Data_Quality_in_Time_Series_Data2.pdf
2016,Islam et al,Methods for artifact detection and removal from scalp EEG,Literature/Zpapers/2016/Islam_et_al_2016_Methods_for_artifact_detection_and_removal_from_scalp_EEG.pdf
2016,Jolliffe Cadima,Principal component analysis,Literature/Zpapers/2016/Jolliffe_Cadima_2016_Principal_component_analysis.pdf
2016,Karkouch et al,Data quality in internet of things,Literature/Zpapers/2016/Karkouch_et_al_2016_Data_quality_in_internet_of_things.pdf
2016,Malhotra et al,LSTM based Encoder Decoder for Multi sensor Anomaly Detection,Literature/Zpapers/2016/Malhotra_et_al_2016_LSTM-based_Encoder-Decoder_for_Multi-sensor_Anomaly_Detection.pdf
2016,Pevny,Loda,Literature/Zpapers/2016/Pevny_2016_Loda.pdf
2016,Shah,Big Data and the Internet of Things,Literature/Zpapers/2016/Shah_2016_Big_Data_and_the_Internet_of_Things.pdf
2016,Vongsingthong Smanchat,A Review of Data Management in Internet of Things,Literature/Zpapers/2016/Vongsingthong_Smanchat_2016_A_Review_of_Data_Management_in_Internet_of_Things.pdf
2016,gitzel,data quality in time series data an experience report,Literature/Zpapers/2016/gitzel_2016_data_quality_in_time_series_data_an_experience_report.pdf
2016,goldstein and uchida,a comparative evaluation of unsupervised anomaly detection algorithms,Literature/Zpapers/2016/goldstein_and_uchida_2016_a_comparative_evaluation_of_unsupervised_anomaly_detection_algorithms.pdf
2016,malhotra et al.,lstm based encoder decoder for multi sensor anomaly detection,Literature/Zpapers/2016/malhotra_et_al._2016_lstm-based_encoder-decoder_for_multi-sensor_anomaly_detection.pdf
2016,melia,machine learning techniques for automatic sensor fault detection in ai,Literature/Zpapers/2016/melia_2016_machine_learning_techniques_for_automatic_sensor_fault_detection_in_ai.pdf
2016,ribeiro et al.,why should i trust you explaining the predictions of any classifie,Literature/Zpapers/2016/ribeiro_et_al._2016_why_should_i_trust_you_explaining_the_predictions_of_any_classifie.pdf
2016,yeh et al.,matrix profile i all pairs similarity joins for time series a unifyi,Literature/Zpapers/2016/yeh_et_al._2016_matrix_profile_i_all_pairs_similarity_joins_for_time_series_a_unifyi.pdf
2017,Aggarwal,Outlier Analysis,Literature/Zpapers/2017/Aggarwal_2017_Outlier_Analysis.pdf
2017,Ahmad et al,Unsupervised real time anomaly detection for streaming data,Literature/Zpapers/2017/Ahmad_et_al_2017_Unsupervised_real-time_anomaly_detection_for_streaming_data.pdf
2017,Ayadi et al,Outlier detection approaches for wireless sensor networks,Literature/Zpapers/2017/Ayadi_et_al_2017_Outlier_detection_approaches_for_wireless_sensor_networks.pdf
2017,Chawla Wang,Proceedings of the 2017 SIAM International Conference on Data Mining,Literature/Zpapers/2017/Chawla_Wang_2017_Proceedings_of_the_2017_SIAM_International_Conference_on_Data_Mining.pdf
2017,Chen et al,Outlier Detection with Autoencoder Ensembles,Literature/Zpapers/2017/Chen_et_al_2017_Outlier_Detection_with_Autoencoder_Ensembles.pdf
2017,Marteau et al,Hybrid Isolation Forest   Application to Intrusion Detection,Literature/Zpapers/2017/Marteau_et_al_2017_Hybrid_Isolation_Forest_-_Application_to_Intrusion_Detection.pdf
2017,Tan et al,A Wireless Passive Pressure and Temperature Sensor via a Dual LC Resonant,Literature/Zpapers/2017/Tan_et_al_2017_A_Wireless_Passive_Pressure_and_Temperature_Sensor_via_a_Dual_LC_Resonant.pdf
2017,Tosi,Review and Analysis of Peak Tracking Techniques for Fiber Bragg Grating Sensors,Literature/Zpapers/2017/Tosi_2017_Review_and_Analysis_of_Peak_Tracking_Techniques_for_Fiber_Bragg_Grating_Sensors.pdf
2017,Zhou Paffenroth,Anomaly Detection with Robust Deep Autoencoders,Literature/Zpapers/2017/Zhou_Paffenroth_2017_Anomaly_Detection_with_Robust_Deep_Autoencoders.pdf
2017,brunton and kutz,data driven science & engineering,Literature/Zpapers/2017/brunton_and_kutz_2017_data_driven_science_&_engineering.pdf
2017,muhammed and shaikh,an analysis of fault detection strategies in wireless sensor networks,Literature/Zpapers/2017/muhammed_and_shaikh_2017_an_analysis_of_fault_detection_strategies_in_wireless_sensor_networks.pdf
2017,vaswani et al.,attention is all you need,Literature/Zpapers/2017/vaswani_et_al._2017_attention_is_all_you_need.pdf
2017,zhu et al.,matrix profile vii time series chains a new primitive for time serie,Literature/Zpapers/2017/zhu_et_al._2017_matrix_profile_vii_time_series_chains_a_new_primitive_for_time_serie.pdf
2018,Abbas et al,A Review on SHM Techniques and Current Challenges for Characteristic,Literature/Zpapers/2018/Abbas_et_al_2018_A_Review_on_SHM_Techniques_and_Current_Challenges_for_Characteristic.pdf
2018,Bandaragoda et al,Isolation‐based anomaly detection using nearest‐neighbor ensembles,Literature/Zpapers/2018/Bandaragoda_et_al_2018_Isolation‐based_anomaly_detection_using_nearest‐neighbor_ensembles.pdf
2018,Deraemaeker Worden,A comparison of linear approaches to filter out environmental effects in,Literature/Zpapers/2018/Deraemaeker_Worden_2018_A_comparison_of_linear_approaches_to_filter_out_environmental_effects_in.pdf
2018,Hannah et al,Towards the development of a wearable temperature sensor based on a,Literature/Zpapers/2018/Hannah_et_al_2018_Towards_the_development_of_a_wearable_temperature_sensor_based_on_a.pdf
2018,Kim et al.,Squeezed Convolutional Variational AutoEncoder for unsupervised anomaly detection in edge device ind,Literature/Zpapers/2018/Kim et al. - 2018 - Squeezed Convolutional Variational AutoEncoder for unsupervised anomaly detection in edge device ind.pdf
2018,Qi et al,TGNet,Literature/Zpapers/2018/Qi_et_al_2018_TGNet.pdf
2018,Qin et al,Sensor Fault Diagnosis of Autonomous Underwater Vehicle Based on LSTM,Literature/Zpapers/2018/Qin_et_al_2018_Sensor_Fault_Diagnosis_of_Autonomous_Underwater_Vehicle_Based_on_LSTM.pdf
2018,Ribeiro et al,Anchors,Literature/Zpapers/2018/Ribeiro_et_al_2018_Anchors.pdf
2018,Satija Manikandan,A Review of Signal Processing Techniques for Electrocardiogram Signal Quality,Literature/Zpapers/2018/Satija_Manikandan_2018_A_Review_of_Signal_Processing_Techniques_for_Electrocardiogram_Signal_Quality.pdf
2018,Sutton Barto,Reinforcement Learning,Literature/Zpapers/2018/Sutton_Barto_2018_Reinforcement_Learning.pdf
2018,Tatbul et al,Precision and Recall for Time Series,Literature/Zpapers/2018/Tatbul_et_al_2018_Precision_and_Recall_for_Time_Series.pdf
2018,Wu et al,Ultrasonic Structural Health Monitoring Using Fiber Bragg Grating,Literature/Zpapers/2018/Wu_et_al_2018_Ultrasonic_Structural_Health_Monitoring_Using_Fiber_Bragg_Grating.pdf
2018,Zhao Hryniewicki,XGBOD,Literature/Zpapers/2018/Zhao_Hryniewicki_2018_XGBOD.pdf
2018,Zidi et al,Fault Detection in Wireless Sensor Networks Through SVM Classifier,Literature/Zpapers/2018/Zidi_et_al_2018_Fault_Detection_in_Wireless_Sensor_Networks_Through_SVM_Classifier.pdf
2018,Zimek Filzmoser,There and back again,Literature/Zpapers/2018/Zimek_Filzmoser_2018_There_and_back_again.pdf
2018,Zong et al,Deep Autoencoding Gaussian Mixture Model for Unsupervised Anomaly Detection,Literature/Zpapers/2018/Zong_et_al_2018_Deep_Autoencoding_Gaussian_Mixture_Model_for_Unsupervised_Anomaly_Detection.pdf
2018,chakraborty et al.,fall curve a novel primitive for iot fault detection and isolation,Literature/Zpapers/2018/chakraborty_et_al._2018_fall-curve_a_novel_primitive_for_iot_fault_detection_and_isolation.pdf
2018,giannoni et al.,anomaly detection models for iot time series data,Literature/Zpapers/2018/giannoni_et_al._2018_anomaly_detection_models_for_iot_time_series_data.pdf
2018,hundman et al.,detecting spacecraft anomalies using lstms and nonparametric dynamic t,Literature/Zpapers/2018/hundman_et_al._2018_detecting_spacecraft_anomalies_using_lstms_and_nonparametric_dynamic_t.pdf
2018,lee et al.,greenhouse a zero positive machine learning system for time series anomaly detection,Literature/Zpapers/2018/lee_et_al._2018_greenhouse_a_zero-positive_machine_learning_system_for_time-series_anomaly_detection.pdf
2018,losing et al.,incremental on line learning a review and comparison of state of the,Literature/Zpapers/2018/losing_et_al._2018_incremental_on-line_learning_a_review_and_comparison_of_state_of_the.pdf
2018,rajendran et al.,deep learning models for wireless signal classification with distribut,Literature/Zpapers/2018/rajendran_et_al._2018_deep_learning_models_for_wireless_signal_classification_with_distribut.pdf
2018,zenati et al.,adversarially learned anomaly detection,Literature/Zpapers/2018/zenati_et_al._2018_adversarially_learned_anomaly_detection.pdf
2018,zhang et al.,lstm based analysis of industrial iot equipment,Literature/Zpapers/2018/zhang_et_al._2018_lstm-based_analysis_of_industrial_iot_equipment.pdf
2019,Chai Luo,Review on fiber optic sensing in health monitoring of power grids,Literature/Zpapers/2019/Chai_Luo_2019_Review_on_fiber-optic_sensing_in_health_monitoring_of_power_grids.pdf
2019,Chalapathy Chawla,Deep Learning for Anomaly Detection,Literature/Zpapers/2019/Chalapathy_Chawla_2019_Deep_Learning_for_Anomaly_Detection.pdf
2019,Cheng et al.,HS TCN A Semi supervised Hierarchical Stacking Temporal Convolutional Network for Anomaly Detection,Literature/Zpapers/2019/Cheng et al. - 2019 - HS-TCN A Semi-supervised Hierarchical Stacking Temporal Convolutional Network for Anomaly Detection.pdf
2019,Cichy Rass,An Overview of Data Quality Frameworks,Literature/Zpapers/2019/Cichy_Rass_2019_An_Overview_of_Data_Quality_Frameworks.pdf
2019,Fahim Sillitti,"Anomaly Detection, Analysis and Prediction Techniques in IoT Environment","Literature/Zpapers/2019/Fahim_Sillitti_2019_Anomaly_Detection,_Analysis_and_Prediction_Techniques_in_IoT_Environment.pdf"
2019,Magne et al,In Situ Distributed Strain Monitoring of a Small Scale Reinforced Concrete,Literature/Zpapers/2019/Magne_et_al_2019_In_Situ_Distributed_Strain_Monitoring_of_a_Small-Scale_Reinforced_Concrete.pdf
2019,Magne et al,In Situ Distributed Strain Monitoring of a Small Scale Reinforced Concrete2,Literature/Zpapers/2019/Magne_et_al_2019_In_Situ_Distributed_Strain_Monitoring_of_a_Small-Scale_Reinforced_Concrete2.pdf
2019,Nguyen et al,To Verify the Correctness of IoT Sensor Data in Real Time,Literature/Zpapers/2019/Nguyen_et_al_2019_To_Verify_the_Correctness_of_IoT_Sensor_Data_in_Real-Time.pdf
2019,Schmidt Simic,Normalizing flows for novelty detection in industrial time series data,Literature/Zpapers/2019/Schmidt_Simic_2019_Normalizing_flows_for_novelty_detection_in_industrial_time_series_data.pdf
2019,Wang et al,Progress in Outlier Detection Techniques,Literature/Zpapers/2019/Wang_et_al_2019_Progress_in_Outlier_Detection_Techniques.pdf
2019,Wang et al,Progress in Outlier Detection Techniques2,Literature/Zpapers/2019/Wang_et_al_2019_Progress_in_Outlier_Detection_Techniques2.pdf
2019,basora et al.,recent advances in anomaly detection methods applied to aviation 1,Literature/Zpapers/2019/basora_et_al._2019_recent_advances_in_anomaly_detection_methods_applied_to_aviation 1.pdf
2019,basora et al.,recent advances in anomaly detection methods applied to aviation,Literature/Zpapers/2019/basora_et_al._2019_recent_advances_in_anomaly_detection_methods_applied_to_aviation.pdf
2019,lu et al.,learning under concept drift a review,Literature/Zpapers/2019/lu_et_al._2019_learning_under_concept_drift_a_review.pdf
2019,noshad et al.,fault detection in wireless sensor networks through the random forest,Literature/Zpapers/2019/noshad_et_al._2019_fault_detection_in_wireless_sensor_networks_through_the_random_forest.pdf
2019,park et al.,fault detection and diagnosis using combined autoencoder and long shor 1,Literature/Zpapers/2019/park_et_al._2019_fault_detection_and_diagnosis_using_combined_autoencoder_and_long_shor 1.pdf
2019,park et al.,fault detection and diagnosis using combined autoencoder and long shor,Literature/Zpapers/2019/park_et_al._2019_fault_detection_and_diagnosis_using_combined_autoencoder_and_long_shor.pdf
2019,zhang et al.,a deep neural network for unsupervised anomaly detection and diagnosis,Literature/Zpapers/2019/zhang_et_al._2019_a_deep_neural_network_for_unsupervised_anomaly_detection_and_diagnosis.pdf
2019,zhao et al.,lscp locally selective combination in parallel outlier ensembles,Literature/Zpapers/2019/zhao_et_al._2019_lscp_locally_selective_combination_in_parallel_outlier_ensembles.pdf
2020,Choi Lee,Consistency index based sensor fault detection system for nuclear power plant,Literature/Zpapers/2020/Choi_Lee_2020_Consistency_index-based_sensor_fault_detection_system_for_nuclear_power_plant.pdf
2020,Gao et al,Ensemble Grammar Induction For Detecting Anomalies in Time Series,Literature/Zpapers/2020/Gao_et_al_2020_Ensemble_Grammar_Induction_For_Detecting_Anomalies_in_Time_Series.pdf
2020,Guemes et al,Structural Health Monitoring for Advanced Composite Structures,Literature/Zpapers/2020/Guemes_et_al_2020_Structural_Health_Monitoring_for_Advanced_Composite_Structures.pdf
2020,Lei et al,Applications of machine learning to machine fault diagnosis,Literature/Zpapers/2020/Lei_et_al_2020_Applications_of_machine_learning_to_machine_fault_diagnosis.pdf
2020,Meng et al,A survey on machine learning for data fusion,Literature/Zpapers/2020/Meng_et_al_2020_A_survey_on_machine_learning_for_data_fusion.pdf
2020,Ruff et al,Deep Semi Supervised Anomaly Detection,Literature/Zpapers/2020/Ruff_et_al_2020_Deep_Semi-Supervised_Anomaly_Detection.pdf
2020,Russo et al,Anomaly Detection using Deep Autoencoders for in situ Wastewater Systems,Literature/Zpapers/2020/Russo_et_al_2020_Anomaly_Detection_using_Deep_Autoencoders_for_in-situ_Wastewater_Systems.pdf
2020,Teh et al,Sensor data quality,Literature/Zpapers/2020/Teh_et_al_2020_Sensor_data_quality.pdf
2020,Wada et al,Real Time Stress Concentration Monitoring of Aircraft Structure During Flights,Literature/Zpapers/2020/Wada_et_al_2020_Real-Time_Stress_Concentration_Monitoring_of_Aircraft_Structure_During_Flights.pdf
2020,Wu et al,Recent Progress of Fiber Optic Sensors for the Structural Health Monitoring of,Literature/Zpapers/2020/Wu_et_al_2020_Recent_Progress_of_Fiber-Optic_Sensors_for_the_Structural_Health_Monitoring_of.pdf
2020,Zhang et al,Data Driven Anomaly Detection Approach for Time Series Streaming Data,Literature/Zpapers/2020/Zhang_et_al_2020_Data-Driven_Anomaly_Detection_Approach_for_Time-Series_Streaming_Data.pdf
2020,audibert et al.,usad unsupervised anomaly detection on multivariate time series,Literature/Zpapers/2020/audibert_et_al._2020_usad_unsupervised_anomaly_detection_on_multivariate_time_series.pdf
2020,bashar and nayak,tanogan time series anomaly detection with generative adversarial net,Literature/Zpapers/2020/bashar_and_nayak_2020_tanogan_time_series_anomaly_detection_with_generative_adversarial_net.pdf
2020,braei and wagner,anomaly detection in univariate time series a survey on the state of,Literature/Zpapers/2020/braei_and_wagner_2020_anomaly_detection_in_univariate_time-series_a_survey_on_the_state-of-.pdf
2020,chalapathy et al.,"Robust, Deep and Inductive Anomaly Detection","Literature/Zpapers/2020/chalapathy_et_al._2020_Robust, Deep and Inductive Anomaly Detection.pdf"
2020,chalapathy et al.,robust deep learning methods for anomaly detection 1,Literature/Zpapers/2020/chalapathy_et_al._2020_robust_deep_learning_methods_for_anomaly_detection 1.pdf
2020,cook et al.,anomaly detection for iot time series data a survey,Literature/Zpapers/2020/cook_et_al._2020_anomaly_detection_for_iot_time-series_data_a_survey.pdf
2020,de Silva et al,Physics informed machine learning for sensor fault detection with flight test,Literature/Zpapers/2020/de_Silva_et_al_2020_Physics-informed_machine_learning_for_sensor_fault_detection_with_flight_test.pdf
2020,li et al.,recent advances in sensor fault diagnosis a review,Literature/Zpapers/2020/li_et_al._2020_recent_advances_in_sensor_fault_diagnosis_a_review.pdf
2020,truong et al.,selective review of offline change point detection methods,Literature/Zpapers/2020/truong_et_al._2020_selective_review_of_offline_change_point_detection_methods.pdf
2021,Abdelli et al,Reflective Fiber Faults Detection and Characterization Using Long Short Term,Literature/Zpapers/2021/Abdelli_et_al_2021_Reflective_Fiber_Faults_Detection_and_Characterization_Using_Long-Short-Term.pdf
2021,Bado Casas,A Review of Recent Distributed Optical Fiber Sensors Applications for Civil,Literature/Zpapers/2021/Bado_Casas_2021_A_Review_of_Recent_Distributed_Optical_Fiber_Sensors_Applications_for_Civil.pdf
2021,Bao Wang,Recent Advancements in Rayleigh Scattering Based Distributed Fiber Sensors,Literature/Zpapers/2021/Bao_Wang_2021_Recent_Advancements_in_Rayleigh_Scattering-Based_Distributed_Fiber_Sensors.pdf
2021,Darvishi et al,"Real Time Sensor Fault Detection, Isolation and Accommodation for Industrial","Literature/Zpapers/2021/Darvishi_et_al_2021_Real-Time_Sensor_Fault_Detection,_Isolation_and_Accommodation_for_Industrial.pdf"
2021,Darvishi et al,"Sensor Fault Detection, Isolation and Accommodation for Digital Twins via","Literature/Zpapers/2021/Darvishi_et_al_2021_Sensor-Fault_Detection,_Isolation_and_Accommodation_for_Digital_Twins_via.pdf"
2021,Erhan et al,Smart Anomaly Detection in Sensor Systems,Literature/Zpapers/2021/Erhan_et_al_2021_Smart_Anomaly_Detection_in_Sensor_Systems.pdf
2021,Foorthuis,On the nature and types of anomalies,Literature/Zpapers/2021/Foorthuis_2021_On_the_nature_and_types_of_anomalies.pdf
2021,Hariri et al,Extended Isolation Forest,Literature/Zpapers/2021/Hariri_et_al_2021_Extended_Isolation_Forest.pdf
2021,Jan et al,A distributed sensor fault detection and diagnosis framework using machine,Literature/Zpapers/2021/Jan_et_al_2021_A_distributed_sensor-fault_detection_and_diagnosis_framework_using_machine.pdf
2021,Lai et al,Revisiting Time Series Outlier Detection,Literature/Zpapers/2021/Lai_et_al_2021_Revisiting_Time_Series_Outlier_Detection.pdf
2021,Oliveira et al,Improving sensor data quality with predictive models,Literature/Zpapers/2021/Oliveira_et_al_2021_Improving_sensor_data_quality_with_predictive_models.pdf
2021,Ryzhikov et al,NFAD,Literature/Zpapers/2021/Ryzhikov_et_al_2021_NFAD.pdf
2021,Taleb et al,Big data quality framework,Literature/Zpapers/2021/Taleb_et_al_2021_Big_data_quality_framework.pdf
2021,Teh et al,Expect the Unexpected,Literature/Zpapers/2021/Teh_et_al_2021_Expect_the_Unexpected.pdf
2021,Zhang et al,A Survey on Neural Network Interpretability,Literature/Zpapers/2021/Zhang_et_al_2021_A_Survey_on_Neural_Network_Interpretability.pdf
2021,Zhang et al,Data Quality Management in the Internet of Things,Literature/Zpapers/2021/Zhang_et_al_2021_Data_Quality_Management_in_the_Internet_of_Things.pdf
2021,blázquez garcía et al.,a review on outlieranomaly detection in time series data,Literature/Zpapers/2021/blázquez-garcía_et_al._2021_a_review_on_outlieranomaly_detection_in_time_series_data.pdf
2021,boniol,detection of anomalies and identification of their precursors in large,Literature/Zpapers/2021/boniol_2021_detection_of_anomalies_and_identification_of_their_precursors_in_large.pdf
2021,boniol et al.,sand streaming subsequence anomaly detection,Literature/Zpapers/2021/boniol_et_al._2021_sand_streaming_subsequence_anomaly_detection.pdf
2021,de silva et al.,hybrid learning approach to sensor fault detection with flight test da,Literature/Zpapers/2021/de_silva_et_al._2021_hybrid_learning_approach_to_sensor_fault_detection_with_flight_test_da.pdf
2021,lai et al.,tods an automated time series outlier detection system 1,Literature/Zpapers/2021/lai_et_al._2021_tods_an_automated_time_series_outlier_detection_system 1.pdf
2021,lai et al.,tods an automated time series outlier detection system,Literature/Zpapers/2021/lai_et_al._2021_tods_an_automated_time_series_outlier_detection_system.pdf
2021,marathe et al.,currentsense a novel approach for fault and drift detection in enviro,Literature/Zpapers/2021/marathe_et_al._2021_currentsense_a_novel_approach_for_fault_and_drift_detection_in_enviro.pdf
2021,matthews and croxford,"a novel, integrated temperature sensing method for accurate ultrasonic","Literature/Zpapers/2021/matthews_and_croxford_2021_a_novel,_integrated_temperature_sensing_method_for_accurate_ultrasonic.pdf"
2021,montiel et al.,river machine learning for streaming data in python,Literature/Zpapers/2021/montiel_et_al._2021_river_machine_learning_for_streaming_data_in_python.pdf
2021,ogasawara et al.,online event detection for sensor data,Literature/Zpapers/2021/ogasawara_et_al._2021_online_event_detection_for_sensor_data.pdf
2021,sambasivan et al.,"“everyone wants to do the model work, not the data work” data cascade","Literature/Zpapers/2021/sambasivan_et_al._2021_“everyone_wants_to_do_the_model_work,_not_the_data_work”_data_cascade.pdf"
2021,sejr and schneider kamp,"explainable outlier detection what, for whom and why","Literature/Zpapers/2021/sejr_and_schneider-kamp_2021_explainable_outlier_detection_what,_for_whom_and_why.pdf"
2021,wu and keogh,current time series anomaly detection benchmarks are flawed and are cr,Literature/Zpapers/2021/wu_and_keogh_2021_current_time_series_anomaly_detection_benchmarks_are_flawed_and_are_cr.pdf
2022,Barbariol et al,A Review of Tree Based Approaches for Anomaly Detection,Literature/Zpapers/2022/Barbariol_et_al_2022_A_Review_of_Tree-Based_Approaches_for_Anomaly_Detection.pdf
2022,Bhar Mandal,A review on advanced wireless passive temperature sensors,Literature/Zpapers/2022/Bhar_Mandal_2022_A_review_on_advanced_wireless_passive_temperature_sensors.pdf
2022,Fizza et al,Evaluating Sensor Data Quality in Internet ofThings Smart Agriculture,Literature/Zpapers/2022/Fizza_et_al_2022_Evaluating_Sensor_Data_Quality_in_Internet_ofThings_Smart_Agriculture.pdf
2022,Han et al,ADBench,Literature/Zpapers/2022/Han_et_al_2022_ADBench.pdf
2022,Herzen et al,Darts,Literature/Zpapers/2022/Herzen_et_al_2022_Darts.pdf
2022,Jana et al,"CNN and Convolutional Autoencoder (CAE) based real time sensor fault detection,","Literature/Zpapers/2022/Jana_et_al_2022_CNN_and_Convolutional_Autoencoder_(CAE)_based_real-time_sensor_fault_detection,.pdf"
2022,Pang et al,Deep Learning for Anomaly Detection,Literature/Zpapers/2022/Pang_et_al_2022_Deep_Learning_for_Anomaly_Detection.pdf
2022,Patel et al,Flex‐circuit resonant chip with Y5V multilayer capacitor for wireless,Literature/Zpapers/2022/Patel_et_al_2022_Flex‐circuit_resonant_chip_with_Y5V_multilayer_capacitor_for_wireless.pdf
2022,Samara et al,A Survey of Outlier Detection Techniques in IoT,Literature/Zpapers/2022/Samara_et_al_2022_A_Survey_of_Outlier_Detection_Techniques_in_IoT.pdf
2022,Yepmo et al,Anomaly explanation,Literature/Zpapers/2022/Yepmo_et_al_2022_Anomaly_explanation.pdf
2022,Yoshihara Takahashi,A simple method for unsupervised anomaly detection,Literature/Zpapers/2022/Yoshihara_Takahashi_2022_A_simple_method_for_unsupervised_anomaly_detection.pdf
2022,boniol et al.,theseus navigating the labyrinth of time series anomaly detection,Literature/Zpapers/2022/boniol_et_al._2022_theseus_navigating_the_labyrinth_of_time-series_anomaly_detection.pdf
2022,coelho et al.,reviewing machine learning of corrosion prediction in a data oriented,Literature/Zpapers/2022/coelho_et_al._2022_reviewing_machine_learning_of_corrosion_prediction_in_a_data-oriented.pdf
2022,du et al.,convolutional neural network based data anomaly detection considering,Literature/Zpapers/2022/du_et_al._2022_convolutional_neural_network-based_data_anomaly_detection_considering.pdf
2022,goswami et al.,unsupervised model selection for time series anomaly detection,Literature/Zpapers/2022/goswami_et_al._2022_unsupervised_model_selection_for_time_series_anomaly_detection.pdf
2022,huet et al.,local evaluation of time series anomaly detection algorithms,Literature/Zpapers/2022/huet_et_al._2022_local_evaluation_of_time_series_anomaly_detection_algorithms.pdf
2022,paparrizos et al.,tsb uad an end to end benchmark suite for univariate time series anom,Literature/Zpapers/2022/paparrizos_et_al._2022_tsb-uad_an_end-to-end_benchmark_suite_for_univariate_time-series_anom.pdf
2022,schmidl et al.,anomaly detection in time series a comprehensive evaluation,Literature/Zpapers/2022/schmidl_et_al._2022_anomaly_detection_in_time_series_a_comprehensive_evaluation.pdf
2022,teh,adaptive and automated anomaly detection with unsupervised feature eng,Literature/Zpapers/2022/teh_2022_adaptive_and_automated_anomaly_detection_with_unsupervised_feature_eng.pdf
2022,zhang et al.,anomaly detection of sensor faults and extreme events based on support,Literature/Zpapers/2022/zhang_et_al._2022_anomaly_detection_of_sensor_faults_and_extreme_events_based_on_support.pdf
2023,Darvishi et al,"A Machine Learning Architecture for Sensor Fault Detection, Isolation, and","Literature/Zpapers/2023/Darvishi_et_al_2023_A_Machine-Learning_Architecture_for_Sensor_Fault_Detection,_Isolation,_and.pdf"
2023,Ho et al,Graph based Time Series Anomaly Detection2,Literature/Zpapers/2023/Ho_et_al_2023_Graph-based_Time-Series_Anomaly_Detection2.pdf
2023,Li et al,Ocean Data Quality Assessment through Outlier Detection enhanced Active Learning,Literature/Zpapers/2023/Li_et_al_2023_Ocean_Data_Quality_Assessment_through_Outlier_Detection-enhanced_Active_Learning.pdf
2023,Nguyen et al,Comprehensive Survey of Sensor Data Verification in Internet of Things,Literature/Zpapers/2023/Nguyen_et_al_2023_Comprehensive_Survey_of_Sensor_Data_Verification_in_Internet_of_Things.pdf
2023,Park et al,Unsupervised outlier detection for time series data of indoor air quality using,Literature/Zpapers/2023/Park_et_al_2023_Unsupervised_outlier_detection_for_time-series_data_of_indoor_air_quality_using.pdf
2023,Pedraza et al,Study of the Feasibility of Decoupling Temperature and Strain from a ϕ PA OFDR,Literature/Zpapers/2023/Pedraza_et_al_2023_Study_of_the_Feasibility_of_Decoupling_Temperature_and_Strain_from_a_ϕ-PA-OFDR.pdf
2023,Scholl et al,An Integrated Framework for Data Quality Fusion in Embedded Sensor Systems,Literature/Zpapers/2023/Scholl_et_al_2023_An_Integrated_Framework_for_Data_Quality_Fusion_in_Embedded_Sensor_Systems.pdf
2023,Selmic et al,Wireless Sensor Networks Fault Detection and Identification,Literature/Zpapers/2023/Selmic_et_al_2023_Wireless_Sensor_Networks_Fault_Detection_and_Identification.pdf
2023,Vangrunderbeek et al,Exploring the potential of transfer learning in extrapolating accelerated,Literature/Zpapers/2023/Vangrunderbeek_et_al_2023_Exploring_the_potential_of_transfer_learning_in_extrapolating_accelerated.pdf
2023,Xie et al,Label Free Anomaly Detection Using Distributed Optical Fiber Acoustic Sensing,Literature/Zpapers/2023/Xie_et_al_2023_Label-Free_Anomaly_Detection_Using_Distributed_Optical_Fiber_Acoustic_Sensing.pdf
2023,al zuriqat et al.,adaptive fault diagnosis for simultaneous sensor faults in structural,Literature/Zpapers/2023/al-zuriqat_et_al._2023_adaptive_fault_diagnosis_for_simultaneous_sensor_faults_in_structural.pdf
2023,al zuriqat et al.,diagnosis of simultaneous sensor faults in structural health monitorin,Literature/Zpapers/2023/al-zuriqat_et_al._2023_diagnosis_of_simultaneous_sensor_faults_in_structural_health_monitorin.pdf
2023,attarha et al.,automated fault detection framework for reliable provision of iot appl,Literature/Zpapers/2023/attarha_et_al._2023_automated_fault_detection_framework_for_reliable_provision_of_iot_appl.pdf
2023,blockeel et al.,decision trees from efficient prediction to responsible ai,Literature/Zpapers/2023/blockeel_et_al._2023_decision_trees_from_efficient_prediction_to_responsible_ai.pdf
2023,coelho et al.,estimating pitting descriptors of 316 l stainless steel by machine lea,Literature/Zpapers/2023/coelho_et_al._2023_estimating_pitting_descriptors_of_316_l_stainless_steel_by_machine_lea.pdf
2023,ermshaus et al.,window size selection in unsupervised time series analytics a review,Literature/Zpapers/2023/ermshaus_et_al._2023_window_size_selection_in_unsupervised_time_series_analytics_a_review.pdf
2023,kabi et al.,anomaly detection in iot data,Literature/Zpapers/2023/kabi_et_al._2023_anomaly_detection_in_iot_data.pdf
2023,kabi et al.,"low cost, lora based river water level data acquisition system","Literature/Zpapers/2023/kabi_et_al._2023_low_cost,_lora_based_river_water_level_data_acquisition_system.pdf"
2023,nguyen et al.,engineering challenges of stationary wireless smart ocean observation,Literature/Zpapers/2023/nguyen_et_al._2023_engineering_challenges_of_stationary_wireless_smart_ocean_observation.pdf
2023,nunes et al.,challenges in predictive maintenance – a review,Literature/Zpapers/2023/nunes_et_al._2023_challenges_in_predictive_maintenance_–_a_review.pdf
2023,perini et al.,estimating the contamination factor’s distribution in unsupervised ano,Literature/Zpapers/2023/perini_et_al._2023_estimating_the_contamination_factor’s_distribution_in_unsupervised_ano.pdf
2023,shekhar et al.,proceedings of the 2023 siam international conference on data mining (,Literature/Zpapers/2023/shekhar_et_al._2023_proceedings_of_the_2023_siam_international_conference_on_data_mining_(.pdf
2023,sylligardos et al.,choose wisely an extensive evaluation of model selection for anomaly,Literature/Zpapers/2023/sylligardos_et_al._2023_choose_wisely_an_extensive_evaluation_of_model_selection_for_anomaly.pdf
2023,xia et al.,coupled attention networks for multivariate time series anomaly detect,Literature/Zpapers/2023/xia_et_al._2023_coupled_attention_networks_for_multivariate_time_series_anomaly_detect.pdf
2024,Cho et al,Enhancing Data Quality Management in Structural Health Monitoring through,Literature/Zpapers/2024/Cho_et_al_2024_Enhancing_Data_Quality_Management_in_Structural_Health_Monitoring_through.pdf
2024,Haque et al,Wireless Sensor Networks Anomaly Detection Using Machine Learning,Literature/Zpapers/2024/Haque_et_al_2024_Wireless_Sensor_Networks_Anomaly_Detection_Using_Machine_Learning.pdf
2024,Hu et al,Damage Classification of a Bolted Connection using Guided Waves and Explainable,Literature/Zpapers/2024/Hu_et_al_2024_Damage_Classification_of_a_Bolted_Connection_using_Guided_Waves_and_Explainable.pdf
2024,Khan et al,FedLSTM,Literature/Zpapers/2024/Khan_et_al_2024_FedLSTM.pdf
2024,Mulu et al,Prediction and classification of IoT sensor faults using hybrid deep learning,Literature/Zpapers/2024/Mulu_et_al_2024_Prediction_and_classification_of_IoT_sensor_faults_using_hybrid_deep_learning.pdf
2024,Xie et al,Prototype Learning for Medical Time Series Classification via Human–Machine,Literature/Zpapers/2024/Xie_et_al_2024_Prototype_Learning_for_Medical_Time_Series_Classification_via_Human–Machine.pdf
2024,alamir and dion,model free unsupervised anomaly detection framework in multivariate ti,Literature/Zpapers/2024/alamir_and_dion_2024_model-free_unsupervised_anomaly_detection_framework_in_multivariate_ti.pdf
2024,attarha and forster,"empowering iot applications with flexible, energy efficient remote man","Literature/Zpapers/2024/attarha_and_forster_2024_empowering_iot_applications_with_flexible,_energy-efficient_remote_man.pdf"
2024,attarha and förster,assuresense a framework for enabling sensor fault detection in low po,Literature/Zpapers/2024/attarha_and_förster_2024_assuresense_a_framework_for_enabling_sensor_fault_detection_in_low-po.pdf
2024,attarha and förster,sensing the unknowns a study on data driven sensor fault modeling and,Literature/Zpapers/2024/attarha_and_förster_2024_sensing_the_unknowns_a_study_on_data-driven_sensor_fault_modeling_and.pdf
2024,bayane et al.,enhancing bridge monitoring through supervised anomaly classification,Literature/Zpapers/2024/bayane_et_al._2024_enhancing_bridge_monitoring_through_supervised_anomaly_classification.pdf
2024,boniol et al.,adecimo model selection for time series anomaly detection,Literature/Zpapers/2024/boniol_et_al._2024_adecimo_model_selection_for_time_series_anomaly_detection.pdf
2024,boniol et al.,dive into time series anomaly detection a decade review,Literature/Zpapers/2024/boniol_et_al._2024_dive_into_time-series_anomaly_detection_a_decade_review.pdf
2024,bouman et al.,acquiring better load estimates by combining anomaly and change point,Literature/Zpapers/2024/bouman_et_al._2024_acquiring_better_load_estimates_by_combining_anomaly_and_change_point.pdf
2024,bouman et al.,unsupervised anomaly detection algorithms on real world data how many,Literature/Zpapers/2024/bouman_et_al._2024_unsupervised_anomaly_detection_algorithms_on_real-world_data_how_many.pdf
2024,,buildings 14 03223,Literature/Zpapers/2024/buildings-14-03223.pdf
2024,carpentier et al.,pattern based time series semantic segmentation with gradual state tra,Literature/Zpapers/2024/carpentier_et_al._2024_pattern-based_time_series_semantic_segmentation_with_gradual_state_tra.pdf
2024,carpentier et al.,"towards contextual, cost efficient predictive maintenance in heavy dut","Literature/Zpapers/2024/carpentier_et_al._2024_towards_contextual,_cost-efficient_predictive_maintenance_in_heavy-dut.pdf"
2024,hendrickx et al.,machine learning with a reject option a survey,Literature/Zpapers/2024/hendrickx_et_al._2024_machine_learning_with_a_reject_option_a_survey.pdf
2024,liu and paparrizos,the elephant in the room towards a reliable time series anomaly detec,Literature/Zpapers/2024/liu_and_paparrizos_2024_the_elephant_in_the_room_towards_a_reliable_time-series_anomaly_detec.pdf
2024,middlehurst et al.,bake off redux a review and experimental evaluation of recent time se,Literature/Zpapers/2024/middlehurst_et_al._2024_bake_off_redux_a_review_and_experimental_evaluation_of_recent_time_se.pdf
2024,nguyen et al.,concept drift adaptive anomaly detector for marine sensor data streams,Literature/Zpapers/2024/nguyen_et_al._2024_concept-drift-adaptive_anomaly_detector_for_marine_sensor_data_streams.pdf
2024,nguyen et al.,engineering industry ready anomaly detection algorithms,Literature/Zpapers/2024/nguyen_et_al._2024_engineering_industry-ready_anomaly_detection_algorithms.pdf
2024,ossetchkina et al.,bridging the gap between data and outliers using machine learning to,Literature/Zpapers/2024/ossetchkina_et_al._2024_bridging_the_gap_between_data_and_outliers_using_machine_learning_to.pdf
2024,perini and davis,"operational, uncertainty aware, and reliable anomaly detection 1","Literature/Zpapers/2024/perini_and_davis_2024_operational,_uncertainty-aware,_and_reliable_anomaly_detection 1.pdf"
2024,perini and davis,"operational, uncertainty aware, and reliable anomaly detection","Literature/Zpapers/2024/perini_and_davis_2024_operational,_uncertainty-aware,_and_reliable_anomaly_detection.pdf"
2024,schmidl et al.,autotsad unsupervised holistic anomaly detection for time series data,Literature/Zpapers/2024/schmidl_et_al._2024_autotsad_unsupervised_holistic_anomaly_detection_for_time_series_data.pdf
2024,shekhar et al.,proceedings of the 2024 siam international conference on data mining ( 1,Literature/Zpapers/2024/shekhar_et_al._2024_proceedings_of_the_2024_siam_international_conference_on_data_mining_( 1.pdf
2024,shekhar et al.,proceedings of the 2024 siam international conference on data mining (,Literature/Zpapers/2024/shekhar_et_al._2024_proceedings_of_the_2024_siam_international_conference_on_data_mining_(.pdf
2024,stradiotti et al.,combining active learning and learning to reject for anomaly detection,Literature/Zpapers/2024/stradiotti_et_al._2024_combining_active_learning_and_learning_to_reject_for_anomaly_detection.pdf
2024,sørbø and ruocco,navigating the metric maze a taxonomy of evaluation metrics for anoma,Literature/Zpapers/2024/sørbø_and_ruocco_2024_navigating_the_metric_maze_a_taxonomy_of_evaluation_metrics_for_anoma.pdf
2024,t et al.,trustworthy ai based personalized insulin recommender for elderly peop,Literature/Zpapers/2024/t_et_al._2024_trustworthy_ai-based_personalized_insulin_recommender_for_elderly_peop.pdf
2024,zhang et al.,few shot classification for sensor anomalies with limited samples,Literature/Zpapers/2024/zhang_et_al._2024_few-shot_classification_for_sensor_anomalies_with_limited_samples.pdf
,,20240606 D31 Damiano v1,Literature/Zpapers/20240606_D31_Damiano_v1.pdf
2025,Boujrad et al,Anomaly based detection in time series data on IoT systems using statistical,Literature/Zpapers/2025/Boujrad_et_al_2025_Anomaly_based_detection_in_time_series_data_on_IoT_systems_using_statistical.pdf
2025,Zamanzadeh Darban et al,Deep Learning for Time Series Anomaly Detection,Literature/Zpapers/2025/Zamanzadeh_Darban_et_al_2025_Deep_Learning_for_Time_Series_Anomaly_Detection.pdf
2025,attarha,a framework for sensor fault detection and management in low power iot,Literature/Zpapers/2025/attarha_2025_a_framework_for_sensor_fault_detection_and_management_in_low-power_iot.pdf
2025,attarha et al.,towards effective interpretability in iot fault diagnosis,Literature/Zpapers/2025/attarha_et_al._2025_towards_effective_interpretability_in_iot_fault_diagnosis.pdf
2025,baranwal et al.,machine learning based anomaly detection of correlated sensor data an,Literature/Zpapers/2025/baranwal_et_al._2025_machine_learning-based_anomaly_detection_of_correlated_sensor_data_an.pdf
2025,boniol et al.,vus effective and efficient accuracy measures for time series anomaly,Literature/Zpapers/2025/boniol_et_al._2025_vus_effective_and_efficient_accuracy_measures_for_time-series_anomaly.pdf
2025,bouman,rethinking anomaly detection from theory to practice,Literature/Zpapers/2025/bouman_2025_rethinking_anomaly_detection_from_theory_to_practice.pdf
2025,bouman and heskes,autoencoders for anomaly detection are unreliable,Literature/Zpapers/2025/bouman_and_heskes_2025_autoencoders_for_anomaly_detection_are_unreliable.pdf
2025,carpentier et al.,dtaianomaly a python library for time series anomaly detection,Literature/Zpapers/2025/carpentier_et_al._2025_dtaianomaly_a_python_library_for_time_series_anomaly_detection.pdf
2025,chavelli et al.,toward interpretable evaluation measures for time series segmentation,Literature/Zpapers/2025/chavelli_et_al._2025_toward_interpretable_evaluation_measures_for_time_series_segmentation.pdf
2025,chen et al.,time series data cleaning based on sliding window and linear fitting m,Literature/Zpapers/2025/chen_et_al._2025_time_series_data_cleaning_based_on_sliding_window_and_linear_fitting_m.pdf
2025,donné et al.,anomaly detection under contaminated data a weighted iterative refine,Literature/Zpapers/2025/donné_et_al._2025_anomaly_detection_under_contaminated_data_a_weighted_iterative_refine.pdf
2025,faber et al.,xlstmad a powerful xlstm based method for anomaly detection,Literature/Zpapers/2025/faber_et_al._2025_xlstmad_a_powerful_xlstm-based_method_for_anomaly_detection.pdf
2025,golmohammadi et al.,advanced data driven fbg sensor based pavement monitoring system using,Literature/Zpapers/2025/golmohammadi_et_al._2025_advanced_data-driven_fbg_sensor-based_pavement_monitoring_system_using.pdf
2025,han et al.,a bayesian detector based approach for determining arrival and departu,Literature/Zpapers/2025/han_et_al._2025_a_bayesian_detector-based_approach_for_determining_arrival_and_departu.pdf
2025,paparrizos et al.,"advances in time series anomaly detection algorithms, benchmarks, and","Literature/Zpapers/2025/paparrizos_et_al._2025_advances_in_time-series_anomaly_detection_algorithms,_benchmarks,_and.pdf"
2025,park et al.,adaptive anomaly detection in the presence of concept drift extended,Literature/Zpapers/2025/park_et_al._2025_adaptive_anomaly_detection_in_the_presence_of_concept_drift_extended.pdf
2025,pelosi et al.,explainability and interpretability in concept and data drift a syste,Literature/Zpapers/2025/pelosi_et_al._2025_explainability_and_interpretability_in_concept_and_data_drift_a_syste.pdf
2025,röchner et al.,we need to rethink benchmarking in anomaly detection,Literature/Zpapers/2025/röchner_et_al._2025_we_need_to_rethink_benchmarking_in_anomaly_detection.pdf
2025,salles et al.,scalable and accurate online multivariate anomaly detection,Literature/Zpapers/2025/salles_et_al._2025_scalable_and_accurate_online_multivariate_anomaly_detection.pdf
2025,sylligardos et al.,msad a deep dive into model selection for time series anomaly detecti,Literature/Zpapers/2025/sylligardos_et_al._2025_msad_a_deep_dive_into_model_selection_for_time_series_anomaly_detecti.pdf
2025,vangrunderbeek et al.,a field based computer vision and corrosion sensor approach to study e,Literature/Zpapers/2025/vangrunderbeek_et_al._2025_a_field-based_computer_vision_and_corrosion_sensor_approach_to_study_e.pdf
2025,vangrunderbeek et al.,corrosion and environmental sensor response delays during monitored mu,Literature/Zpapers/2025/vangrunderbeek_et_al._2025_corrosion_and_environmental_sensor_response_delays_during_monitored_mu.pdf
2025,zamanzadeh darban et al.,deep learning for time series anomaly detection a survey,Literature/Zpapers/2025/zamanzadeh_darban_et_al._2025_deep_learning_for_time_series_anomaly_detection_a_survey.pdf
2025,zhang et al.,anomaly detection of sensor faults and extreme events by anomaly locat,Literature/Zpapers/2025/zhang_et_al._2025_anomaly_detection_of_sensor_faults_and_extreme_events_by_anomaly_locat.pdf
2025,zhu et al.,when foundation models are one liners limitations and future directio,Literature/Zpapers/2025/zhu_et_al._2025_when_foundation_models_are_one-liners_limitations_and_future_directio.pdf
2026,,andri a system for anomaly and drift co detection,Literature/Zpapers/2026/2026_andri_a_system_for_anomaly_and_drift_co-detection.pdf
2026,boman et al.,exact an explainable anomaly classification tool,Literature/Zpapers/2026/boman_et_al._2026_exact_an_explainable_anomaly_classification_tool.pdf
2026,burr et al.,agentic digital twins a taxonomy of capabilities for understanding po,Literature/Zpapers/2026/burr_et_al._2026_agentic_digital_twins_a_taxonomy_of_capabilities_for_understanding_po.pdf
2026,donne and davis,robust anomaly detection under contaminated data a comprehensive eval,Literature/Zpapers/2026/donne_and_davis_2026_robust_anomaly_detection_under_contaminated_data_a_comprehensive_eval.pdf
2026,donné et al.,robust anomaly detection under contaminated data a comprehensive eval,Literature/Zpapers/2026/donné_et_al._2026_robust_anomaly_detection_under_contaminated_data_a_comprehensive_eval.pdf
2026,gianotti et al.,assessing reliability of cm scale optical fiber strain sensing in high,Literature/Zpapers/2026/gianotti_et_al._2026_assessing_reliability_of_cm-scale_optical_fiber_strain_sensing_in_high.pdf
2026,schmidl,scalable time series anomaly detection and clustering,Literature/Zpapers/2026/schmidl_2026_scalable_time_series_anomaly_detection_and_clustering.pdf
2026,shaabani et al.,non equilibrium dynamics in concrete effects of pump induced conditio,Literature/Zpapers/2026/shaabani_et_al._2026_non-equilibrium_dynamics_in_concrete_effects_of_pump-induced_conditio.pdf
2026,widartha and kim,hiper chad hybrid integrated prediction error reconstruction based an,Literature/Zpapers/2026/widartha_and_kim_2026_hiper-chad_hybrid_integrated_prediction-error_reconstruction-based_an.pdf
2026,xie et al.,cauker classification time series foundation models can be pretrained,Literature/Zpapers/2026/xie_et_al._2026_cauker_classification_time_series_foundation_models_can_be_pretrained.pdf
2026,zhu et al.,when foundation models are one liners limitations and future directio,Literature/Zpapers/2026/zhu_et_al._2026_when_foundation_models_are_one-liners_limitations_and_future_directio.pdf
2025,ICPRAM,Poster Van der Spiegel,Literature/Zpapers/ICPRAM_2025_Poster_Van_der_Spiegel.pdf
,,Main,Literature/Zpapers/Main.pdf
,,ahmadi and khosrowjerdi fault detection automation in distributed control systems using data d,Literature/Zpapers/ahmadi_and_khosrowjerdi_fault_detection_automation_in_distributed_control_systems_using_data-d.pdf
,,goswami towards pragmatic time series intelligence,Literature/Zpapers/goswami_towards_pragmatic_time_series_intelligence.pdf
,,magistrale politecnico di torino,Literature/Zpapers/magistrale_politecnico_di_torino.pdf
,,parrino et al. what streaming anomaly detection finds (and misses) in industrial time,Literature/Zpapers/parrino_et_al._what_streaming_anomaly_detection_finds_(and_misses)_in_industrial_time.pdf
,,"perini operational, uncertainty aware, and reliable anomaly detection","Literature/Zpapers/perini_operational,_uncertainty-aware,_and_reliable_anomaly_detection.pdf"
,,rameshbabu et al. an exercise in developing a supervised anomaly detection model with au,Literature/Zpapers/rameshbabu_et_al._an_exercise_in_developing_a_supervised_anomaly_detection_model_with_au.pdf
,,svensson anomaly detection in time series data for edge computing,Literature/Zpapers/svensson_anomaly_detection_in_time_series_data_for_edge_computing.pdf
,,vercruyssen designing anomaly detection algorithms that exploit flexible supervisi,Literature/Zpapers/vercruyssen_designing_anomaly_detection_algorithms_that_exploit_flexible_supervisi.pdf
