key,source,year,soa_ref,citation
Ahmad_et_al_2017_Unsupervised_real-time_anomaly_detection_for_streaming_data,soa,2017,43,"Subutai Ahmad, Alexander Lavin, Scott Purdy, and Zuha Agha. Unsupervised real-time anomaly detection for streaming data. Neurocomputing, 262:134–147, November 2017."
Angiulli_Pizzuti_2002_Fast_Outlier_Detection_in_High_Dimensional_Spaces,soa,2002,37,"Fabrizio Angiulli and Clara Pizzuti. Fast Outlier Detection in High Dimensional Spaces. Lecture Notes in Computer Science, 2002."
Ayadi_et_al_2017_Outlier_detection_approaches_for_wireless_sensor_networks,soa,2017,15,"Aya Ayadi, Oussama Ghorbel, Abdulfattah M. Obeid, and Mohamed Abid. Outlier detection approaches for wireless sensor networks: A survey. Computer Networks, 129:319–333, December 2017."
Baljak_et_al_2012_Classification_of_Faults_in_Sensor_Readings_with_Statistical_Pattern_Recognition,soa,2012,19,"Valentina Baljak, Kenji Tei, and Shinichi Honiden. Classification of Faults in Sensor Readings with Statistical Pattern Recognition. August 2012."
Batini_Scannapieca_2006_Data_quality,soa,2006,1,"Carlo Batini and Monica Scannapieca. Data Quality: Concepts, Methodologies and Techniques. Data-Centric Systems and Applications. Springer, Berlin ; New York, 2006."
Chandola_et_al_2009_Anomaly_detection,soa,2009,12,"Varun Chandola, Arindam Banerjee, and Vipin Kumar. Anomaly detection: A survey. ACM Comput. Surv., 41(3):1–58, July 2009."
Davis_Goadrich_2006_The_relationship_between_Precision-Recall_and_ROC_curves,soa,2006,46,"Jesse Davis and Mark Goadrich. The relationship between Precision-Recall and ROC curves. In Proceedings of the 23rd International Conference on Machine Learning, ICML ’06, pages 233–240, New York, NY,"
De_Bruijn_et_al_2016_Benchmark_Datasets_for_Fault_Detection_and_Classification_in_Sensor_Data,soa,2016,44,"Bas De Bruijn, Tuan Anh Nguyen, Doina Bucur, and Kenji Tei. Benchmark Datasets for Fault Detection and Classification in Sensor Data:. In Proceedings of the 5th International Confererence on Sensor Ne"
Foorthuis_2021_On_the_nature_and_types_of_anomalies,soa,2021,21,"Ralph Foorthuis. On the nature and types of anomalies: A review of deviations in data. Int J Data Sci Anal, 12(4):297–331, October 2021."
Gao_et_al_2020_Ensemble_Grammar_Induction_For_Detecting_Anomalies_in_Time_Series,soa,2020,36,"Yifeng Gao, Jessica Lin, and Constantin Brif. Ensemble Grammar Induction For Detecting Anomalies in Time Series. In Extending Database Technology, 222. Open Proceedings, 2020."
Goldstein_Dengel_2012_Histogram-based_Outlier_Score_(HBOS),soa,2012,40,Markus Goldstein and Andreas Dengel. Histogram-based Outlier Score (HBOS): A fast Unsupervised Anomaly Detection Algorithm. 2012.
Haque_et_al_2024_Wireless_Sensor_Networks_Anomaly_Detection_Using_Machine_Learning,soa,2024,48,"Ahshanul Haque, Naseef-Ur-Rahman Chowdhury, Hamdy Soliman, Mohammad Sahinur Hossen, Tanjim Fatima, and Imtiaz Ahmed. Wireless Sensor Networks Anomaly Detection Using Machine Learning: A Survey. In Koh"
Hariri_et_al_2021_Extended_Isolation_Forest,soa,2021,42,"Sahand Hariri, Matias Carrasco Kind, and Robert J. Brunner. Extended Isolation Forest. IEEE Transactions on Knowledge and Data Engineering, 2021."
Hochreiter_Schmidhuber_1997_Long_Short-Term_Memory,soa,1997,31,"Sepp Hochreiter and Jürgen Schmidhuber. Long Short-Term Memory. Neural Computation, 9(8):1735–1780, November 1997."
Hodge_Austin_2004_A_Survey_of_Outlier_Detection_Methodologies,soa,2004,26,"Victoria Hodge and Jim Austin. A Survey of Outlier Detection Methodologies. Artificial Intelligence Review, 22(2):85–126, October 2004."
Javed_Wolf_2012_Automated_Sensor_Verification_Using_Outlier_Detection_in_the_Internet_of_Things,soa,2012,13,"Nauman Javed and Tilman Wolf. Automated Sensor Verification Using Outlier Detection in the Internet of Things. In 2012 32nd International Conference on Distributed Computing Systems Workshops, pages 2"
Karkouch_et_al_2016_Data_quality_in_internet_of_things,soa,2016,4,"Aimad Karkouch, Hajar Mousannif, Hassan Al Moatassime, and Thomas Noel. Data quality in internet of things: A state-of-the-art survey. Journal of Network and Computer Applications, 73:57–81, September"
Keogh_et_al_2002_Finding_surprising_patterns_in_a_time_series_database_in_linear_time_and_space,soa,2002,35,"Eamonn Keogh, Stefano Lonardi, and Bill ’Yuan-chi’ Chiu. Finding surprising patterns in a time series database in linear time and space. In Proceedings of the Eighth ACM SIGKDD International Conferenc"
Liu_et_al_2008_Isolation_Forest,soa,2008,41,"Fei Tony Liu, Kai Ming Ting, and Zhi-Hua Zhou. Isolation Forest. In 2008 Eighth IEEE International Conference on Data Mining, pages 413–422, Pisa, Italy, December 2008. IEEE. .1_State-of-the-art on EO"
Naumann_Rolker_2000_Assessment_Methods_for_Information_Quality_Criteria,soa,2000,7,Felix Naumann and Claudia Rolker. Assessment Methods for Information Quality Criteria. October 2000.
Nguyen_et_al_2023_Comprehensive_Survey_of_Sensor_Data_Verification_in_Internet_of_Things,soa,2023,20,"Lan Anh Nguyen, Pham Tuan Kiet, Sangjin Lee, Hyeongi Yeo, and Yongseok Son. Comprehensive Survey of Sensor Data Verification in Internet of Things. IEEE Access, 11:50560–50577, 2023."
Ni_et_al_2009_Sensor_network_data_fault_types,soa,2009,17,"Kevin Ni, Nithya Ramanathan, Mohamed Nabil Hajj Chehade, Laura Balzano, Sheela Nair, Sadaf Zahedi, Eddie Kohler, Greg Pottie, Mark Hansen, and Mani Srivastava. Sensor network data fault types. ACM Tra"
Pang_et_al_2022_Deep_Learning_for_Anomaly_Detection,soa,2022,23,"Guansong Pang, Chunhua Shen, Longbing Cao, and Anton Van Den Hengel. Deep Learning for Anomaly Detection: A Review. ACM Comput. Surv., 54(2):1–38, March 2022."
Rasheed_et_al_2009_Fourier_Transform_Based_Spatial_Outlier_Mining,soa,2009,34,"Faraz Rasheed, Peter Peng, Reda Alhajj, and Jon Rokne. Fourier Transform Based Spatial Outlier Mining. In Emilio Corchado and Hujun Yin, editors, Intelligent Data Engineering and Automated Learning - "
Ryzhikov_et_al_2021_NFAD,soa,2021,39,"Artem Ryzhikov, Maxim Borisyak, Andrey Ustyuzhanin, and Denis Derkach. NFAD: Fixing anomaly detection using normalizing flows. PeerJ Computer Science, 7:e757, November 2021."
Scholl_et_al_2023_An_Integrated_Framework_for_Data_Quality_Fusion_in_Embedded_Sensor_Systems,soa,2023,49,"Christoph Scholl, Maximilian Spiegler, Klaus Ludwig, Bjoern M. Eskofier, Andreas Tobola, and Dario Zanca. An Integrated Framework for Data Quality Fusion in Embedded Sensor Systems. Sensors, 23(8):379"
Tatbul_et_al_2018_Precision_and_Recall_for_Time_Series,soa,2018,47,"Nesime Tatbul, Tae Jun Lee, Stan Zdonik, Mejbah Alam, and Justin Gottschlich. Precision and Recall for Time Series. In Advances in Neural Information Processing Systems, volume 31. Curran Associates, "
Teh_et_al_2020_Sensor_data_quality,soa,2020,5,"Hui Yie Teh, Andreas W. Kempa-Liehr, and Kevin I-Kai Wang. Sensor data quality: A systematic review. J Big Data, 7(1):11, December 2020."
Wang_et_al_2019_Progress_in_Outlier_Detection_Techniques,soa,2019,22,"Hongzhi Wang, Mohamed Jaward Bah, and Mohamed Hammad. Progress in Outlier Detection Techniques: A Survey. IEEE Access, 7:107964–108000, 2019. .1_State-of-the-art on EOC biases and countermeasures 31 /"
Yan_et_al_2014_A_survey_on_trust_management_for_Internet_of_Things,soa,2014,8,"Zheng Yan, Peng Zhang, and Athanasios V. Vasilakos. A survey on trust management for Internet of Things. Journal of Network and Computer Applications, 42:120–134, June 2014."
schmidl_et_al._2022_anomaly_detection_in_time_series_a_comprehensive_evaluation,soa,2022,29,"Sebastian Schmidl, Phillip Wenig, and Thorsten Papenbrock. Anomaly detection in time series: A comprehensive evaluation. Proc. VLDB Endow., 15(9):1779–1797, May 2022."
