ref,year,surnames,local,method,local_path,citation
1,2006,batini|scannapieca,yes,exact:cited,/Users/dgian/Zensor Dropbox/Damiano Gianotti/Zensor Internal Projects Folder/99956_DQR_Data_Quality_Research/Literature/Zpapers/2006/Batini_Scannapieca_2006_Data_quality.pdf,"Carlo Batini and Monica Scannapieca. Data Quality: Concepts, Methodologies and Techniques. Data-Centric Systems and Applications. Springer, Berlin ; New York, 2006."
2,1996,wang|strong,yes,exact:cited,/Users/dgian/Zensor Dropbox/Damiano Gianotti/Zensor Internal Projects Folder/99956_DQR_Data_Quality_Research/Literature/Zpapers/1996/Wang_Strong_1996_Beyond_Accuracy.pdf,"Richard Y. Wang and Diane M. Strong. Beyond Accuracy: What Data Quality Means to Data Consumers. Journal of Management Information Systems, 12(4):5–33, March 1996."
3,1997,strong|lee|wang,yes,exact,/Users/dgian/Zensor Dropbox/Damiano Gianotti/Zensor Internal Projects Folder/99956_DQR_Data_Quality_Research/Literature/Zpapers/1997/Strong_et_al_1997_Data_quality_in_context.pdf,"Diane M. Strong, Yang W. Lee, and Richard Y. Wang. Data quality in context. Commun. ACM, 40(5):103–110, May 1997. .1_State-of-the-art on EOC biases and countermeasures 30 / 33 Project: 101072599 —"
4,2016,karkouch|mousannif|moatassime,yes,exact,/Users/dgian/Zensor Dropbox/Damiano Gianotti/Zensor Internal Projects Folder/99956_DQR_Data_Quality_Research/Literature/Zpapers/2016/Karkouch_et_al_2016_Data_quality_in_internet_of_things.pdf,"Aimad Karkouch, Hajar Mousannif, Hassan Al Moatassime, and Thomas Noel. Data quality in internet of things: A state-of-the-art survey. Journal of Network and Computer Applications, 73:57–81, September 2016."
5,2020,teh|kempa-liehr|wang,yes,exact,/Users/dgian/Zensor Dropbox/Damiano Gianotti/Zensor Internal Projects Folder/99956_DQR_Data_Quality_Research/Literature/Zpapers/2020/Teh_et_al_2020_Sensor_data_quality.pdf,"Hui Yie Teh, Andreas W. Kempa-Liehr, and Kevin I-Kai Wang. Sensor data quality: A systematic review. J Big Data, 7(1):11, December 2020."
6,2009,klein|lehner,yes,exact,/Users/dgian/Zensor Dropbox/Damiano Gianotti/Zensor Internal Projects Folder/99956_DQR_Data_Quality_Research/Literature/Zpapers/2009/Klein_Lehner_2009_Representing_Data_Quality_in_Sensor_Data_Streaming_Environments.pdf,"A. Klein and W. Lehner. Representing Data Quality in Sensor Data Streaming Environments. J. Data and Information Quality, 1(2):1–28, September 2009."
7,2000,naumann|rolker,yes,exact,/Users/dgian/Zensor Dropbox/Damiano Gianotti/Zensor Internal Projects Folder/99956_DQR_Data_Quality_Research/Literature/Zpapers/2000/Naumann_Rolker_2000_Assessment_Methods_for_Information_Quality_Criteria.pdf,Felix Naumann and Claudia Rolker. Assessment Methods for Information Quality Criteria. October 2000.
8,2014,yan|zhang|vasilakos,yes,exact,/Users/dgian/Zensor Dropbox/Damiano Gianotti/Zensor Internal Projects Folder/99956_DQR_Data_Quality_Research/Literature/Zpapers/2014/Yan_et_al_2014_A_survey_on_trust_management_for_Internet_of_Things.pdf,"Zheng Yan, Peng Zhang, and Athanasios V. Vasilakos. A survey on trust management for Internet of Things. Journal of Network and Computer Applications, 42:120–134, June 2014."
9,2006,jeffery|alonso|franklin,yes,exact,/Users/dgian/Zensor Dropbox/Damiano Gianotti/Zensor Internal Projects Folder/99956_DQR_Data_Quality_Research/Literature/Zpapers/2006/Jeffery_et_al_2006_Declarative_Support_for_Sensor_Data_Cleaning.pdf,"Shawn R. Jeffery, Gustavo Alonso, Michael J. Franklin, Wei Hong, and Jennifer Widom. Declarative Support for Sensor Data Cleaning. In Kenneth P. Fishkin, Bernt Schiele, Paddy Nixon, and Aaron Quigley, editors, Pervasive Computing, volume 3968, pages 83–100, Berlin, Heidelberg, 2006. Springer Berlin "
10,2017,aggarwal,yes,exact,/Users/dgian/Zensor Dropbox/Damiano Gianotti/Zensor Internal Projects Folder/99956_DQR_Data_Quality_Research/Literature/Zpapers/2017/Aggarwal_2017_Outlier_Analysis.pdf,"Charu C. Aggarwal. Outlier Analysis. Springer International Publishing, Cham, 2017."
11,1994,barnett|lewis,no,none,,"V. Barnett and T. Lewis. Outliers in Statistical Data, volume 37. J. Wiley & Sons, 3 edition, 1994."
12,2009,chandola|banerjee|kumar,yes,exact,/Users/dgian/Zensor Dropbox/Damiano Gianotti/Zensor Internal Projects Folder/99956_DQR_Data_Quality_Research/Literature/Zpapers/2009/Chandola_et_al_2009_Anomaly_detection.pdf,"Varun Chandola, Arindam Banerjee, and Vipin Kumar. Anomaly detection: A survey. ACM Comput. Surv., 41(3):1–58, July 2009."
13,2012,javed|wolf,yes,exact,/Users/dgian/Zensor Dropbox/Damiano Gianotti/Zensor Internal Projects Folder/99956_DQR_Data_Quality_Research/Literature/Zpapers/2012/Javed_Wolf_2012_Automated_Sensor_Verification_Using_Outlier_Detection_in_the_Internet_of_Things.pdf,"Nauman Javed and Tilman Wolf. Automated Sensor Verification Using Outlier Detection in the Internet of Things. In 2012 32nd International Conference on Distributed Computing Systems Workshops, pages 291–296, June 2012."
14,2012,holbert|lin,yes,exact,/Users/dgian/Zensor Dropbox/Damiano Gianotti/Zensor Internal Projects Folder/99956_DQR_Data_Quality_Research/Literature/Zpapers/2012/Holbert_Lin_2012_Nuclear_Power_Plant_Instrumentation_Fault_Detection_Using_Fuzzy_Logic.pdf,"Keith E. Holbert and Kang Lin. Nuclear Power Plant Instrumentation Fault Detection Using Fuzzy Logic. Science and Technology of Nuclear Installations, 2012:e421070, September 2012."
15,2017,ayadi|ghorbel|obeid,yes,exact,/Users/dgian/Zensor Dropbox/Damiano Gianotti/Zensor Internal Projects Folder/99956_DQR_Data_Quality_Research/Literature/Zpapers/2017/Ayadi_et_al_2017_Outlier_detection_approaches_for_wireless_sensor_networks.pdf,"Aya Ayadi, Oussama Ghorbel, Abdulfattah M. Obeid, and Mohamed Abid. Outlier detection approaches for wireless sensor networks: A survey. Computer Networks, 129:319–333, December 2017."
16,2002,mourad,yes,exact,/Users/dgian/Zensor Dropbox/Damiano Gianotti/Zensor Internal Projects Folder/99956_DQR_Data_Quality_Research/Literature/Zpapers/2002/Mourad_Bertrand-Krajewski_2002_A_method_for_automatic_validation_of_long_time_series_of_data_in_urban_hydrology.pdf,"M. Mourad and J.-L. Bertrand-Krajewski. A method for automatic validation of long time series of data in urban hydrology. Water Science and Technology, 45(4-5):263–270, February 2002."
17,2009,ni|ramanathan|chehade,yes,exact,/Users/dgian/Zensor Dropbox/Damiano Gianotti/Zensor Internal Projects Folder/99956_DQR_Data_Quality_Research/Literature/Zpapers/2009/Ni_et_al_2009_Sensor_network_data_fault_types.pdf,"Kevin Ni, Nithya Ramanathan, Mohamed Nabil Hajj Chehade, Laura Balzano, Sheela Nair, Sadaf Zahedi, Eddie Kohler, Greg Pottie, Mark Hansen, and Mani Srivastava. Sensor network data fault types. ACM Transactions on Sensor Networks, 5(3):1–29, May 2009."
18,2005,kaiser|pottie|srivastava,yes,exact,/Users/dgian/Zensor Dropbox/Damiano Gianotti/Zensor Internal Projects Folder/99956_DQR_Data_Quality_Research/Literature/Zpapers/2005/Kaiser_et_al_2005_Networked_Infomechanical_Systems_(NIMS)_for_Ambient_Intelligence.pdf,"W.J. Kaiser, G.J. Pottie, M. Srivastava, G.S. Sukhatme, J. Villasenor, and D. Estrin. Networked Infomechanical Systems (NIMS) for Ambient Intelligence. In Werner Weber, Jan M. Rabaey, and Emile Aarts, editors, Ambient Intelligence, pages 83–113, Berlin/Heidelberg, 2005. SpringerVerlag."
19,2012,baljak|tei|honiden,yes,exact,/Users/dgian/Zensor Dropbox/Damiano Gianotti/Zensor Internal Projects Folder/99956_DQR_Data_Quality_Research/Literature/Zpapers/2012/Baljak_et_al_2012_Classification_of_Faults_in_Sensor_Readings_with_Statistical_Pattern_Recognition.pdf,"Valentina Baljak, Kenji Tei, and Shinichi Honiden. Classification of Faults in Sensor Readings with Statistical Pattern Recognition. August 2012."
20,2023,nguyen|kiet|lee,yes,exact,/Users/dgian/Zensor Dropbox/Damiano Gianotti/Zensor Internal Projects Folder/99956_DQR_Data_Quality_Research/Literature/Zpapers/2023/Nguyen_et_al_2023_Comprehensive_Survey_of_Sensor_Data_Verification_in_Internet_of_Things.pdf,"Lan Anh Nguyen, Pham Tuan Kiet, Sangjin Lee, Hyeongi Yeo, and Yongseok Son. Comprehensive Survey of Sensor Data Verification in Internet of Things. IEEE Access, 11:50560–50577, 2023."
21,2021,foorthuis,yes,exact,/Users/dgian/Zensor Dropbox/Damiano Gianotti/Zensor Internal Projects Folder/99956_DQR_Data_Quality_Research/Literature/Zpapers/2021/Foorthuis_2021_On_the_nature_and_types_of_anomalies.pdf,"Ralph Foorthuis. On the nature and types of anomalies: A review of deviations in data. Int J Data Sci Anal, 12(4):297–331, October 2021."
22,2019,wang|bah|hammad,yes,exact,/Users/dgian/Zensor Dropbox/Damiano Gianotti/Zensor Internal Projects Folder/99956_DQR_Data_Quality_Research/Literature/Zpapers/2019/Wang_et_al_2019_Progress_in_Outlier_Detection_Techniques.pdf,"Hongzhi Wang, Mohamed Jaward Bah, and Mohamed Hammad. Progress in Outlier Detection Techniques: A Survey. IEEE Access, 7:107964–108000, 2019. .1_State-of-the-art on EOC biases and countermeasures 31 / 33 Project: 101072599 —"
23,2022,pang|shen|cao,yes,exact,/Users/dgian/Zensor Dropbox/Damiano Gianotti/Zensor Internal Projects Folder/99956_DQR_Data_Quality_Research/Literature/Zpapers/2022/Pang_et_al_2022_Deep_Learning_for_Anomaly_Detection.pdf,"Guansong Pang, Chunhua Shen, Longbing Cao, and Anton Van Den Hengel. Deep Learning for Anomaly Detection: A Review. ACM Comput. Surv., 54(2):1–38, March 2022."
24,2021,erhan|ndubuaku|mauro,yes,exact,/Users/dgian/Zensor Dropbox/Damiano Gianotti/Zensor Internal Projects Folder/99956_DQR_Data_Quality_Research/Literature/Zpapers/2021/Erhan_et_al_2021_Smart_Anomaly_Detection_in_Sensor_Systems.pdf,"L. Erhan, M. Ndubuaku, M. Di Mauro, W. Song, M. Chen, G. Fortino, O. Bagdasar, and A. Liotta. Smart Anomaly Detection in Sensor Systems: A Multi-Perspective Review. Information Fusion, 67:64–79, March 2021."
25,2018,zimek|filzmoser,yes,exact:cited,/Users/dgian/Zensor Dropbox/Damiano Gianotti/Zensor Internal Projects Folder/99956_DQR_Data_Quality_Research/Literature/Zpapers/2018/Zimek_Filzmoser_2018_There_and_back_again.pdf,"A. Zimek and P. Filzmoser. There and back again: Outlier detection between statistical reasoning and data mining algorithms. WIREs Data Mining Knowl. Discov., 2018."
26,2004,hodge|austin,yes,exact,/Users/dgian/Zensor Dropbox/Damiano Gianotti/Zensor Internal Projects Folder/99956_DQR_Data_Quality_Research/Literature/Zpapers/2004/Hodge_Austin_2004_A_Survey_of_Outlier_Detection_Methodologies.pdf,"Victoria Hodge and Jim Austin. A Survey of Outlier Detection Methodologies. Artificial Intelligence Review, 22(2):85–126, October 2004."
27,2016,goodfellow|bengio|courville,no,none,,"Ian Goodfellow, Yoshua Bengio, and Aaron Courville. Deep Learning. MIT Press, 2016."
28,2018,sutton|barto,yes,exact,/Users/dgian/Zensor Dropbox/Damiano Gianotti/Zensor Internal Projects Folder/99956_DQR_Data_Quality_Research/Literature/Zpapers/2018/Sutton_Barto_2018_Reinforcement_Learning.pdf,"Richard S. Sutton and Andrew G. Barto. Reinforcement Learning: An Introduction. A Bradford Book, Cambridge, MA, USA, 2018."
29,2022,schmidl|wenig|papenbrock,yes,exact,/Users/dgian/Zensor Dropbox/Damiano Gianotti/Zensor Internal Projects Folder/99956_DQR_Data_Quality_Research/Literature/Zpapers/2022/schmidl_et_al._2022_anomaly_detection_in_time_series_a_comprehensive_evaluation.pdf,"Sebastian Schmidl, Phillip Wenig, and Thorsten Papenbrock. Anomaly detection in time series: A comprehensive evaluation. Proc. VLDB Endow., 15(9):1779–1797, May 2022."
30,2018,hyndman|athanasopoulos,no,none,,"R.J. Hyndman and G. Athanasopoulos. Forecasting: Principles and Practice. OTexts, Melborune, Australia, 2 edition, 2018."
31,1997,hochreiter|schmidhuber,yes,exact,/Users/dgian/Zensor Dropbox/Damiano Gianotti/Zensor Internal Projects Folder/99956_DQR_Data_Quality_Research/Literature/Zpapers/1997/Hochreiter_Schmidhuber_1997_Long_Short-Term_Memory.pdf,"Sepp Hochreiter and Jürgen Schmidhuber. Long Short-Term Memory. Neural Computation, 9(8):1735–1780, November 1997."
32,2015,malhotra|vig|shroff,no,none,,"Pankaj Malhotra, L. Vig, Gautam M. Shroff, and P. Agarwal. Long Short Term Memory Networks for Anomaly Detection in Time Series. The European Symposium on Artificial Neural Networks, 2015."
33,2014,kingma|welling,yes,exact,/Users/dgian/Zensor Dropbox/Damiano Gianotti/Zensor Internal Projects Folder/99956_DQR_Data_Quality_Research/Literature/Zpapers/2014/Kingma_Welling_2014_Auto-Encoding_Variational_Bayes.pdf,"Diederik P. Kingma and Max Welling. Auto-Encoding Variational Bayes, May 2014."
34,2009,rasheed|peng|alhajj,yes,exact,/Users/dgian/Zensor Dropbox/Damiano Gianotti/Zensor Internal Projects Folder/99956_DQR_Data_Quality_Research/Literature/Zpapers/2009/Rasheed_et_al_2009_Fourier_Transform_Based_Spatial_Outlier_Mining.pdf,"Faraz Rasheed, Peter Peng, Reda Alhajj, and Jon Rokne. Fourier Transform Based Spatial Outlier Mining. In Emilio Corchado and Hujun Yin, editors, Intelligent Data Engineering and Automated Learning - IDEAL 2009, pages 317–324, Berlin, Heidelberg, 2009. Springer."
35,2002,keogh|lonardi|chiu,yes,exact,/Users/dgian/Zensor Dropbox/Damiano Gianotti/Zensor Internal Projects Folder/99956_DQR_Data_Quality_Research/Literature/Zpapers/2002/Keogh_et_al_2002_Finding_surprising_patterns_in_a_time_series_database_in_linear_time_and_space.pdf,"Eamonn Keogh, Stefano Lonardi, and Bill ’Yuan-chi’ Chiu. Finding surprising patterns in a time series database in linear time and space. In Proceedings of the Eighth ACM SIGKDD International Conference on Knowledge Discovery and Data Mining, KDD ’02, pages 550–556, New York, NY, USA, July 2002. Asso"
36,2020,gao|lin|brif,yes,exact,/Users/dgian/Zensor Dropbox/Damiano Gianotti/Zensor Internal Projects Folder/99956_DQR_Data_Quality_Research/Literature/Zpapers/2020/Gao_et_al_2020_Ensemble_Grammar_Induction_For_Detecting_Anomalies_in_Time_Series.pdf,"Yifeng Gao, Jessica Lin, and Constantin Brif. Ensemble Grammar Induction For Detecting Anomalies in Time Series. In Extending Database Technology, 222. Open Proceedings, 2020."
37,2002,angiulli|pizzuti,yes,exact,/Users/dgian/Zensor Dropbox/Damiano Gianotti/Zensor Internal Projects Folder/99956_DQR_Data_Quality_Research/Literature/Zpapers/2002/Angiulli_Pizzuti_2002_Fast_Outlier_Detection_in_High_Dimensional_Spaces.pdf,"Fabrizio Angiulli and Clara Pizzuti. Fast Outlier Detection in High Dimensional Spaces. Lecture Notes in Computer Science, 2002."
38,2000,breunig|kriegel|ng,yes,weak,/Users/dgian/Zensor Dropbox/Damiano Gianotti/Zensor Internal Projects Folder/99956_DQR_Data_Quality_Research/Literature/Zpapers/2000/Breunig_et_al_2000_LOF.pdf,"Markus M. Breunig, Hans-Peter Kriegel, Raymond T. Ng, and Jörg Sander. LOF: Identifying density-based local outliers. In Proceedings of the 2000 ACM SIGMOD International Conference on Management of Data, SIGMOD ’00, pages 93–104, New York, NY, USA, May 2000. Association for Computing Machinery."
39,2021,ryzhikov|borisyak|ustyuzhanin,yes,weak,/Users/dgian/Zensor Dropbox/Damiano Gianotti/Zensor Internal Projects Folder/99956_DQR_Data_Quality_Research/Literature/Zpapers/2021/Ryzhikov_et_al_2021_NFAD.pdf,"Artem Ryzhikov, Maxim Borisyak, Andrey Ustyuzhanin, and Denis Derkach. NFAD: Fixing anomaly detection using normalizing flows. PeerJ Computer Science, 7:e757, November 2021."
40,2012,goldstein|dengel,yes,exact:cited,/Users/dgian/Zensor Dropbox/Damiano Gianotti/Zensor Internal Projects Folder/99956_DQR_Data_Quality_Research/Literature/Zpapers/2012/Goldstein_Dengel_2012_Histogram-based_Outlier_Score_(HBOS).pdf,Markus Goldstein and Andreas Dengel. Histogram-based Outlier Score (HBOS): A fast Unsupervised Anomaly Detection Algorithm. 2012.
41,2008,liu|ting|zhou,yes,exact,/Users/dgian/Zensor Dropbox/Damiano Gianotti/Zensor Internal Projects Folder/99956_DQR_Data_Quality_Research/Literature/Zpapers/2008/Liu_et_al_2008_Isolation_Forest.pdf,"Fei Tony Liu, Kai Ming Ting, and Zhi-Hua Zhou. Isolation Forest. In 2008 Eighth IEEE International Conference on Data Mining, pages 413–422, Pisa, Italy, December 2008. IEEE. .1_State-of-the-art on EOC biases and countermeasures 32 / 33 Project: 101072599 —"
42,2021,hariri|kind|brunner,yes,exact,/Users/dgian/Zensor Dropbox/Damiano Gianotti/Zensor Internal Projects Folder/99956_DQR_Data_Quality_Research/Literature/Zpapers/2021/Hariri_et_al_2021_Extended_Isolation_Forest.pdf,"Sahand Hariri, Matias Carrasco Kind, and Robert J. Brunner. Extended Isolation Forest. IEEE Transactions on Knowledge and Data Engineering, 2021."
43,2017,ahmad|lavin|purdy,yes,exact,/Users/dgian/Zensor Dropbox/Damiano Gianotti/Zensor Internal Projects Folder/99956_DQR_Data_Quality_Research/Literature/Zpapers/2017/Ahmad_et_al_2017_Unsupervised_real-time_anomaly_detection_for_streaming_data.pdf,"Subutai Ahmad, Alexander Lavin, Scott Purdy, and Zuha Agha. Unsupervised real-time anomaly detection for streaming data. Neurocomputing, 262:134–147, November 2017."
44,2016,bruijn|nguyen|bucur,yes,exact,/Users/dgian/Zensor Dropbox/Damiano Gianotti/Zensor Internal Projects Folder/99956_DQR_Data_Quality_Research/Literature/Zpapers/2016/De_Bruijn_et_al_2016_Benchmark_Datasets_for_Fault_Detection_and_Classification_in_Sensor_Data.pdf,"Bas De Bruijn, Tuan Anh Nguyen, Doina Bucur, and Kenji Tei. Benchmark Datasets for Fault Detection and Classification in Sensor Data:. In Proceedings of the 5th International Confererence on Sensor Networks, pages 185–195, Rome, Italy, 2016. SCITEPRESS - Science and and Technology Publications."
45,1997,bradley,yes,exact,/Users/dgian/Zensor Dropbox/Damiano Gianotti/Zensor Internal Projects Folder/99956_DQR_Data_Quality_Research/Literature/Zpapers/1997/Bradley_1997_The_use_of_the_area_under_the_ROC_curve_in_the_evaluation_of_machine_learning.pdf,"Andrew P. Bradley. The use of the area under the ROC curve in the evaluation of machine learning algorithms. Pattern Recogn., 30(7):1145–1159, July 1997."
46,2006,davis|goadrich,yes,exact,/Users/dgian/Zensor Dropbox/Damiano Gianotti/Zensor Internal Projects Folder/99956_DQR_Data_Quality_Research/Literature/Zpapers/2006/Davis_Goadrich_2006_The_relationship_between_Precision-Recall_and_ROC_curves.pdf,"Jesse Davis and Mark Goadrich. The relationship between Precision-Recall and ROC curves. In Proceedings of the 23rd International Conference on Machine Learning, ICML ’06, pages 233–240, New York, NY, USA, June 2006. Association for Computing Machinery."
47,2018,tatbul|lee|zdonik,yes,exact,/Users/dgian/Zensor Dropbox/Damiano Gianotti/Zensor Internal Projects Folder/99956_DQR_Data_Quality_Research/Literature/Zpapers/2018/Tatbul_et_al_2018_Precision_and_Recall_for_Time_Series.pdf,"Nesime Tatbul, Tae Jun Lee, Stan Zdonik, Mejbah Alam, and Justin Gottschlich. Precision and Recall for Time Series. In Advances in Neural Information Processing Systems, volume 31. Curran Associates, Inc., 2018."
48,2024,haque|chowdhury|soliman,yes,exact,/Users/dgian/Zensor Dropbox/Damiano Gianotti/Zensor Internal Projects Folder/99956_DQR_Data_Quality_Research/Literature/Zpapers/2024/Haque_et_al_2024_Wireless_Sensor_Networks_Anomaly_Detection_Using_Machine_Learning.pdf,"Ahshanul Haque, Naseef-Ur-Rahman Chowdhury, Hamdy Soliman, Mohammad Sahinur Hossen, Tanjim Fatima, and Imtiaz Ahmed. Wireless Sensor Networks Anomaly Detection Using Machine Learning: A Survey. In Kohei Arai, editor, Intelligent Systems and Applications, pages 491–506, Cham, 2024. Springer Nature Sw"
49,2023,scholl|spiegler|ludwig,yes,exact,/Users/dgian/Zensor Dropbox/Damiano Gianotti/Zensor Internal Projects Folder/99956_DQR_Data_Quality_Research/Literature/Zpapers/2023/Scholl_et_al_2023_An_Integrated_Framework_for_Data_Quality_Fusion_in_Embedded_Sensor_Systems.pdf,"Christoph Scholl, Maximilian Spiegler, Klaus Ludwig, Bjoern M. Eskofier, Andreas Tobola, and Dario Zanca. An Integrated Framework for Data Quality Fusion in Embedded Sensor Systems. Sensors, 23(8):3798, January 2023. .1_State-of-the-art on EOC biases and countermeasures 33 / 33"
